run	sample	study	bioproject	biosample	center	releasedate	platform	instrument	librarylayout	libraryselection	assay_type	mbases
SRR040579	SRS023617	SRP002395	PRJNA48333	SAMN00044835	BI	2010-04-29	LS454	454 GS FLX Titanium	SINGLE	PCR	AMPLICON	4
SRR040580	SRS016529	SRP002395	PRJNA48333	SAMN00037747	BI	2010-04-29	LS454	454 GS FLX Titanium	SINGLE	PCR	AMPLICON	3
SRR040650	SRS017533	SRP002395	PRJNA48333	SAMN00038751	BI	2010-04-29	LS454	454 GS FLX Titanium	SINGLE	PCR	AMPLICON	4
SRR040656	SRS016529	SRP002395	PRJNA48333	SAMN00037747	BI	2010-04-29	LS454	454 GS FLX Titanium	SINGLE	PCR	AMPLICON	3
SRR040670	SRS013502	SRP002395	PRJNA48333	SAMN00034720	BI	2010-04-29	LS454	454 GS FLX Titanium	SINGLE	PCR	AMPLICON	4
SRR040686	SRS013502	SRP002395	PRJNA48333	SAMN00034720	BI	2010-04-29	LS454	454 GS FLX Titanium	SINGLE	PCR	AMPLICON	4
SRR040710	SRS017533	SRP002395	PRJNA48333	SAMN00038751	BI	2010-04-29	LS454	454 GS FLX Titanium	SINGLE	PCR	AMPLICON	4
SRR040741	SRS013234	SRP002395	PRJNA48333	SAMN00034452	BI	2010-04-29	LS454	454 GS FLX Titanium	SINGLE	PCR	AMPLICON	3
SRR040772	SRS023617	SRP002395	PRJNA48333	SAMN00044835	BI	2010-04-29	LS454	454 GS FLX Titanium	SINGLE	PCR	AMPLICON	4
SRR040781	SRS024580	SRP002395	PRJNA48333	SAMN00045798	BI	2010-04-29	LS454	454 GS FLX Titanium	SINGLE	PCR	AMPLICON	3
SRR040853	SRS058770	SRP002395	PRJNA48333	SAMN10657908	BI	2010-05-11	LS454	454 GS FLX Titanium	SINGLE	PCR	AMPLICON	3
SRR040886	SRS017307	SRP002395	PRJNA48333	SAMN00038525	BI	2010-05-11	LS454	454 GS FLX Titanium	SINGLE	PCR	AMPLICON	3
SRR040913	SRS017701	SRP002395	PRJNA48333	SAMN00038919	BI	2010-05-11	LS454	454 GS FLX Titanium	SINGLE	PCR	AMPLICON	4
SRR040921	SRS057692	SRP002395	PRJNA48333	SAMN00077701	BI	2010-05-11	LS454	454 GS FLX Titanium	SINGLE	PCR	AMPLICON	3
SRR040925	SRS018133	SRP002395	PRJNA48333	SAMN10657930	BI	2010-05-11	LS454	454 GS FLX Titanium	SINGLE	PCR	AMPLICON	3
SRR040926	SRS018145	SRP002395	PRJNA48333	SAMN00039363	BI	2010-05-11	LS454	454 GS FLX Titanium	SINGLE	PCR	AMPLICON	3
SRR040944	SRS023971	SRP002395	PRJNA48333	SAMN00045189	BI	2010-05-11	LS454	454 GS FLX Titanium	SINGLE	PCR	AMPLICON	2
SRR040978	SRS017713	SRP002395	PRJNA48333	SAMN00038931	BI	2010-05-11	LS454	454 GS FLX Titanium	SINGLE	PCR	AMPLICON	3
SRR041032	SRS017103	SRP002395	PRJNA48333	SAMN00038321	BI	2010-05-11	LS454	454 GS FLX Titanium	SINGLE	PCR	AMPLICON	4
SRR041050	SRS017521	SRP002395	PRJNA48333	SAMN10657905	BI	2010-05-11	LS454	454 GS FLX Titanium	SINGLE	PCR	AMPLICON	3
SRR041118	SRS018427	SRP002395	PRJNA48333	SAMN00039645	BI	2010-05-11	LS454	454 GS FLX Titanium	SINGLE	PCR	AMPLICON	4
SRR041132	SRS024331	SRP002395	PRJNA48333	SAMN00045549	BI	2010-05-11	LS454	454 GS FLX Titanium	SINGLE	PCR	AMPLICON	4
SRR041135	SRS020233	SRP002395	PRJNA48333	SAMN00041451	BI	2010-05-11	LS454	454 GS FLX Titanium	SINGLE	PCR	AMPLICON	4
SRR041171	SRS024388	SRP002395	PRJNA48333	SAMN00045606	BI	2010-05-11	LS454	454 GS FLX Titanium	SINGLE	PCR	AMPLICON	2
SRR041174	SRS018439	SRP002395	PRJNA48333	SAMN00039657	BI	2010-05-11	LS454	454 GS FLX Titanium	SINGLE	PCR	AMPLICON	4
SRR041243	SRS024625	SRP002395	PRJNA48333	SAMN00045843	BI	2010-05-11	LS454	454 GS FLX Titanium	SINGLE	PCR	AMPLICON	3
SRR041244	SRS024637	SRP002395	PRJNA48333	SAMN00045855	BI	2010-05-11	LS454	454 GS FLX Titanium	SINGLE	PCR	AMPLICON	3
SRR041276	SRS023557	SRP002395	PRJNA48333	SAMN00044775	BI	2010-05-11	LS454	454 GS FLX Titanium	SINGLE	PCR	AMPLICON	4
SRR041310	SRS017821	SRP002395	PRJNA48333	SAMN00039039	BI	2010-05-11	LS454	454 GS FLX Titanium	SINGLE	PCR	AMPLICON	4
SRR041333	SRS016954	SRP002395	PRJNA48333	SAMN00038172	BI	2010-05-11	LS454	454 GS FLX Titanium	SINGLE	PCR	AMPLICON	3
SRR041426	SRS043701	SRP002395	PRJNA48333	SAMN00063710	BI	2010-05-11	LS454	454 GS FLX Titanium	SINGLE	PCR	AMPLICON	4
SRR041435	SRS017191	SRP002395	PRJNA48333	SAMN00038409	BI	2010-05-11	LS454	454 GS FLX Titanium	SINGLE	PCR	AMPLICON	4
SRR041447	SRS017209	SRP002395	PRJNA48333	SAMN00038427	BI	2010-05-11	LS454	454 GS FLX Titanium	SINGLE	PCR	AMPLICON	4
SRR041461	SRS016753	SRP002395	PRJNA48333	SAMN00037971	BI	2010-05-11	LS454	454 GS FLX Titanium	SINGLE	PCR	AMPLICON	4
SRR041510	SRS013705	SRP002395	PRJNA48333	SAMN00034923	BI	2010-05-11	LS454	454 GS FLX Titanium	SINGLE	PCR	AMPLICON	3
SRR041527	SRS013687	SRP002395	PRJNA48333	SAMN00034905	BI	2010-05-11	LS454	454 GS FLX Titanium	SINGLE	PCR	AMPLICON	3
SRR041529	SRS021484	SRP002395	PRJNA48333	SAMN00042702	BI	2010-05-11	LS454	454 GS FLX Titanium	SINGLE	PCR	AMPLICON	2
SRR041542	SRS020869	SRP002395	PRJNA48333	SAMN00042087	BI	2010-05-11	LS454	454 GS FLX Titanium	SINGLE	PCR	AMPLICON	4
SRR041582	SRS021496	SRP002395	PRJNA48333	SAMN00042714	BI	2010-05-11	LS454	454 GS FLX Titanium	SINGLE	PCR	AMPLICON	3
SRR041629	SRS023914	SRP002395	PRJNA48333	SAMN00045132	BI	2010-05-11	LS454	454 GS FLX Titanium	SINGLE	PCR	AMPLICON	3
SRR041633	SRS023926	SRP002395	PRJNA48333	SAMN00045144	BI	2010-05-11	LS454	454 GS FLX Titanium	SINGLE	PCR	AMPLICON	3
SRR041700	SRS017521	SRP002395	PRJNA48333	SAMN10657905	BI	2010-05-11	LS454	454 GS FLX Titanium	SINGLE	PCR	AMPLICON	3
SRR041730	SRS024277	SRP002395	PRJNA48333	SAMN00045495	BI	2010-05-11	LS454	454 GS FLX Titanium	SINGLE	PCR	AMPLICON	3
SRR041734	SRS022621	SRP002395	PRJNA48333	SAMN00043839	BI	2010-05-11	LS454	454 GS FLX Titanium	SINGLE	PCR	AMPLICON	4
SRR041765	SRS017103	SRP002395	PRJNA48333	SAMN00038321	BI	2010-05-11	LS454	454 GS FLX Titanium	SINGLE	PCR	AMPLICON	5
SRR041766	SRS020233	SRP002395	PRJNA48333	SAMN00041451	BI	2010-05-11	LS454	454 GS FLX Titanium	SINGLE	PCR	AMPLICON	4
SRR041777	SRS022609	SRP002395	PRJNA48333	SAMN00043827	BI	2010-05-11	LS454	454 GS FLX Titanium	SINGLE	PCR	AMPLICON	5
SRR041801	SRS024331	SRP002395	PRJNA48333	SAMN00045549	BI	2010-05-11	LS454	454 GS FLX Titanium	SINGLE	PCR	AMPLICON	6
SRR041844	SRS024277	SRP002395	PRJNA48333	SAMN00045495	BI	2010-05-11	LS454	454 GS FLX Titanium	SINGLE	PCR	AMPLICON	4
SRR041852	SRS022609	SRP002395	PRJNA48333	SAMN00043827	BI	2010-05-11	LS454	454 GS FLX Titanium	SINGLE	PCR	AMPLICON	5
SRR041890	SRS023176	SRP002395	PRJNA48333	SAMN00044394	BI	2010-05-11	LS454	454 GS FLX Titanium	SINGLE	PCR	AMPLICON	3
SRR041911	SRS024265	SRP002395	PRJNA48333	SAMN10657909	BI	2010-05-11	LS454	454 GS FLX Titanium	SINGLE	PCR	AMPLICON	4
SRR041948	SRS022621	SRP002395	PRJNA48333	SAMN00043839	BI	2010-05-11	LS454	454 GS FLX Titanium	SINGLE	PCR	AMPLICON	4
SRR041953	SRS023176	SRP002395	PRJNA48333	SAMN00044394	BI	2010-05-11	LS454	454 GS FLX Titanium	SINGLE	PCR	AMPLICON	3
SRR041961	SRS024388	SRP002395	PRJNA48333	SAMN00045606	BI	2010-05-11	LS454	454 GS FLX Titanium	SINGLE	PCR	AMPLICON	3
SRR041977	SRS018427	SRP002395	PRJNA48333	SAMN00039645	BI	2010-05-11	LS454	454 GS FLX Titanium	SINGLE	PCR	AMPLICON	5
SRR041984	SRS018439	SRP002395	PRJNA48333	SAMN00039657	BI	2010-05-11	LS454	454 GS FLX Titanium	SINGLE	PCR	AMPLICON	5
SRR042014	SRS024265	SRP002395	PRJNA48333	SAMN10657909	BI	2010-05-11	LS454	454 GS FLX Titanium	SINGLE	PCR	AMPLICON	4
SRR042899	SRS016585	SRP002395	PRJNA48333	SAMN00037803	BI	2010-05-11	LS454	454 GS FLX Titanium	SINGLE	PCR	AMPLICON	0
SRR043026	SRS017521	SRP002395	PRJNA48333	SAMN10657905	BI	2010-05-11	LS454	454 GS FLX Titanium	SINGLE	PCR	AMPLICON	3
SRR043223	SRS016585	SRP002395	PRJNA48333	SAMN00037803	BI	2010-05-26	LS454	454 GS FLX Titanium	SINGLE	PCR	AMPLICON	0
SRR043249	SRS016585	SRP002395	PRJNA48333	SAMN00037803	BI	2010-05-26	LS454	454 GS FLX Titanium	SINGLE	PCR	AMPLICON	0
SRR043264	SRS024388	SRP002395	PRJNA48333	SAMN00045606	BI	2010-05-26	LS454	454 GS FLX Titanium	SINGLE	PCR	AMPLICON	0
SRR043286	SRS024388	SRP002395	PRJNA48333	SAMN00045606	BI	2010-05-26	LS454	454 GS FLX Titanium	SINGLE	PCR	AMPLICON	0
SRR043613	SRS050422	SRP002395	PRJNA48333	SAMN00070431	WUGSC	2010-05-18	LS454	454 GS FLX Titanium	SINGLE	PCR	AMPLICON	9
SRR043639	SRS014287	SRP002395	PRJNA48333	SAMN00035505	WUGSC	2010-05-20	LS454	454 GS FLX Titanium	SINGLE	PCR	AMPLICON	7
SRR043643	SRS047219	SRP002395	PRJNA48333	SAMN00067228	WUGSC	2010-05-18	LS454	454 GS FLX Titanium	SINGLE	PCR	AMPLICON	6
SRR043652	SRS015395	SRP002395	PRJNA48333	SAMN00036613	WUGSC	2010-05-18	LS454	454 GS FLX Titanium	SINGLE	PCR	AMPLICON	5
SRR043675	SRS014923	SRP002395	PRJNA48333	SAMN00036141	WUGSC	2010-05-20	LS454	454 GS FLX Titanium	SINGLE	PCR	AMPLICON	5
SRR043686	SRS015133	SRP002395	PRJNA48333	SAMN00036351	WUGSC	2010-05-20	LS454	454 GS FLX Titanium	SINGLE	PCR	AMPLICON	3
SRR043727	SRS015854	SRP002395	PRJNA48333	SAMN00037072	WUGSC	2010-05-18	LS454	454 GS FLX Titanium	SINGLE	PCR	AMPLICON	9
SRR043731	SRS015190	SRP002395	PRJNA48333	SAMN00036408	WUGSC	2010-05-18	LS454	454 GS FLX Titanium	SINGLE	PCR	AMPLICON	4
SRR043760	SRS015854	SRP002395	PRJNA48333	SAMN00037072	WUGSC	2010-05-18	LS454	454 GS FLX Titanium	SINGLE	PCR	AMPLICON	7
SRR043974	SRS019787	SRP002395	PRJNA48333	SAMN00041005	WUGSC	2010-05-18	LS454	454 GS FLX Titanium	SINGLE	PCR	AMPLICON	4
SRR043980	SRS019787	SRP002395	PRJNA48333	SAMN00041005	WUGSC	2010-05-20	LS454	454 GS FLX Titanium	SINGLE	PCR	AMPLICON	2
SRR043983	SRS015578	SRP002395	PRJNA48333	SAMN10657921	WUGSC	2010-05-18	LS454	454 GS FLX Titanium	SINGLE	PCR	AMPLICON	4
SRR044021	SRS015578	SRP002395	PRJNA48333	SAMN10657921	WUGSC	2010-05-18	LS454	454 GS FLX Titanium	SINGLE	PCR	AMPLICON	6
SRR044054	SRS016267	SRP002395	PRJNA48333	SAMN00037485	WUGSC	2010-05-18	LS454	454 GS FLX Titanium	SINGLE	PCR	AMPLICON	4
SRR044064	SRS048870	SRP002395	PRJNA48333	SAMN00068879	WUGSC	2010-05-18	LS454	454 GS FLX Titanium	SINGLE	PCR	AMPLICON	4
SRR044087	SRS015960	SRP002395	PRJNA48333	SAMN00037178	WUGSC	2010-05-18	LS454	454 GS FLX Titanium	SINGLE	PCR	AMPLICON	6
SRR044091	SRS016267	SRP002395	PRJNA48333	SAMN00037485	WUGSC	2010-05-18	LS454	454 GS FLX Titanium	SINGLE	PCR	AMPLICON	3
SRR044103	SRS048870	SRP002395	PRJNA48333	SAMN00068879	WUGSC	2010-05-18	LS454	454 GS FLX Titanium	SINGLE	PCR	AMPLICON	3
SRR044119	SRS015960	SRP002395	PRJNA48333	SAMN00037178	WUGSC	2010-05-18	LS454	454 GS FLX Titanium	SINGLE	PCR	AMPLICON	3
SRR044131	SRS015762	SRP002395	PRJNA48333	SAMN00036980	WUGSC	2010-05-18	LS454	454 GS FLX Titanium	SINGLE	PCR	AMPLICON	5
SRR044139	SRS015782	SRP002395	PRJNA48333	SAMN00037000	WUGSC	2010-05-18	LS454	454 GS FLX Titanium	SINGLE	PCR	AMPLICON	6
SRR044156	SRS016018	SRP002395	PRJNA48333	SAMN00037236	WUGSC	2010-05-18	LS454	454 GS FLX Titanium	SINGLE	PCR	AMPLICON	6
SRR044161	SRS015663	SRP002395	PRJNA48333	SAMN00036881	WUGSC	2010-05-18	LS454	454 GS FLX Titanium	SINGLE	PCR	AMPLICON	7
SRR044181	SRS016002	SRP002395	PRJNA48333	SAMN00037220	WUGSC	2010-05-18	LS454	454 GS FLX Titanium	SINGLE	PCR	AMPLICON	8
SRR044216	SRS015782	SRP002395	PRJNA48333	SAMN00037000	WUGSC	2010-05-18	LS454	454 GS FLX Titanium	SINGLE	PCR	AMPLICON	6
SRR044251	SRS016018	SRP002395	PRJNA48333	SAMN00037236	WUGSC	2010-05-18	LS454	454 GS FLX Titanium	SINGLE	PCR	AMPLICON	4
SRR044252	SRS016056	SRP002395	PRJNA48333	SAMN10657920	WUGSC	2010-05-18	LS454	454 GS FLX Titanium	SINGLE	PCR	AMPLICON	3
SRR044257	SRS015663	SRP002395	PRJNA48333	SAMN00036881	WUGSC	2010-05-18	LS454	454 GS FLX Titanium	SINGLE	PCR	AMPLICON	7
SRR044274	SRS016002	SRP002395	PRJNA48333	SAMN00037220	WUGSC	2010-05-20	LS454	454 GS FLX Titanium	SINGLE	PCR	AMPLICON	6
SRR044311	SRS019894	SRP002395	PRJNA48333	SAMN00041112	WUGSC	2010-08-11	LS454	454 GS FLX Titanium	SINGLE	PCR	AMPLICON	4
SRR044317	SRS016095	SRP002395	PRJNA48333	SAMN00037313	WUGSC	2010-08-11	LS454	454 GS FLX Titanium	SINGLE	PCR	AMPLICON	5
SRR044332	SRS018739	SRP002395	PRJNA48333	SAMN00039957	WUGSC	2010-08-11	LS454	454 GS FLX Titanium	SINGLE	PCR	AMPLICON	3
SRR044342	SRS018591	SRP002395	PRJNA48333	SAMN00039809	WUGSC	2010-08-11	LS454	454 GS FLX Titanium	SINGLE	PCR	AMPLICON	4
SRR044343	SRS016203	SRP002395	PRJNA48333	SAMN00037421	WUGSC	2010-08-11	LS454	454 GS FLX Titanium	SINGLE	PCR	AMPLICON	5
SRR044344	SRS016335	SRP002395	PRJNA48333	SAMN00037553	WUGSC	2010-08-11	LS454	454 GS FLX Titanium	SINGLE	PCR	AMPLICON	4
SRR044347	SRS019910	SRP002395	PRJNA48333	SAMN00041128	WUGSC	2010-08-11	LS454	454 GS FLX Titanium	SINGLE	PCR	AMPLICON	5
SRR044356	SRS016319	SRP002395	PRJNA48333	SAMN00037537	WUGSC	2010-08-11	LS454	454 GS FLX Titanium	SINGLE	PCR	AMPLICON	3
SRR044360	SRS019267	SRP002395	PRJNA48333	SAMN00040485	WUGSC	2010-08-11	LS454	454 GS FLX Titanium	SINGLE	PCR	AMPLICON	4
SRR044381	SRS016225	SRP002395	PRJNA48333	SAMN00037443	WUGSC	2010-08-11	LS454	454 GS FLX Titanium	SINGLE	PCR	AMPLICON	4
SRR044391	SRS019894	SRP002395	PRJNA48333	SAMN00041112	WUGSC	2010-08-11	LS454	454 GS FLX Titanium	SINGLE	PCR	AMPLICON	4
SRR044395	SRS016095	SRP002395	PRJNA48333	SAMN00037313	WUGSC	2010-08-11	LS454	454 GS FLX Titanium	SINGLE	PCR	AMPLICON	5
SRR044410	SRS018739	SRP002395	PRJNA48333	SAMN00039957	WUGSC	2010-08-11	LS454	454 GS FLX Titanium	SINGLE	PCR	AMPLICON	6
SRR044422	SRS018591	SRP002395	PRJNA48333	SAMN00039809	WUGSC	2010-08-11	LS454	454 GS FLX Titanium	SINGLE	PCR	AMPLICON	5
SRR044423	SRS016203	SRP002395	PRJNA48333	SAMN00037421	WUGSC	2010-08-11	LS454	454 GS FLX Titanium	SINGLE	PCR	AMPLICON	5
SRR044424	SRS016335	SRP002395	PRJNA48333	SAMN00037553	WUGSC	2010-08-11	LS454	454 GS FLX Titanium	SINGLE	PCR	AMPLICON	6
SRR044428	SRS019910	SRP002395	PRJNA48333	SAMN00041128	WUGSC	2010-08-11	LS454	454 GS FLX Titanium	SINGLE	PCR	AMPLICON	6
SRR044435	SRS016319	SRP002395	PRJNA48333	SAMN00037537	WUGSC	2010-08-11	LS454	454 GS FLX Titanium	SINGLE	PCR	AMPLICON	6
SRR044439	SRS019267	SRP002395	PRJNA48333	SAMN00040485	WUGSC	2010-08-11	LS454	454 GS FLX Titanium	SINGLE	PCR	AMPLICON	5
SRR044768	SRS011529	SRP002395	PRJNA48333	SAMN10658877	WUGSC	2010-05-19	LS454	454 GS FLX Titanium	SINGLE	PCR	AMPLICON	6
SRR044798	SRS011452	SRP002395	PRJNA48333	SAMN10658394	WUGSC	2010-05-19	LS454	454 GS FLX Titanium	SINGLE	PCR	AMPLICON	5
SRR044803	SRS011405	SRP002395	PRJNA48333	SAMN00032842	WUGSC	2010-05-19	LS454	454 GS FLX Titanium	SINGLE	PCR	AMPLICON	5
SRR044826	SRS011586	SRP002395	PRJNA48333	SAMN00033023	WUGSC	2010-05-20	LS454	454 GS FLX Titanium	SINGLE	PCR	AMPLICON	5
SRR044827	SRS011271	SRP002395	PRJNA48333	SAMN00032708	WUGSC	2010-05-19	LS454	454 GS FLX Titanium	SINGLE	PCR	AMPLICON	4
SRR044912	SRS011529	SRP002395	PRJNA48333	SAMN10658877	WUGSC	2010-05-20	LS454	454 GS FLX Titanium	SINGLE	PCR	AMPLICON	4
SRR044944	SRS011452	SRP002395	PRJNA48333	SAMN10658394	WUGSC	2010-05-19	LS454	454 GS FLX Titanium	SINGLE	PCR	AMPLICON	3
SRR044948	SRS011405	SRP002395	PRJNA48333	SAMN00032842	WUGSC	2010-05-19	LS454	454 GS FLX Titanium	SINGLE	PCR	AMPLICON	3
SRR044971	SRS011586	SRP002395	PRJNA48333	SAMN00033023	WUGSC	2010-05-19	LS454	454 GS FLX Titanium	SINGLE	PCR	AMPLICON	4
SRR044974	SRS011271	SRP002395	PRJNA48333	SAMN00032708	WUGSC	2010-05-19	LS454	454 GS FLX Titanium	SINGLE	PCR	AMPLICON	4
SRR044994	SRS011529	SRP002395	PRJNA48333	SAMN10658877	WUGSC	2010-05-19	LS454	454 GS FLX Titanium	SINGLE	PCR	AMPLICON	5
SRR045050	SRS011586	SRP002395	PRJNA48333	SAMN00033023	WUGSC	2010-05-19	LS454	454 GS FLX Titanium	SINGLE	PCR	AMPLICON	5
SRR045051	SRS011271	SRP002395	PRJNA48333	SAMN00032708	WUGSC	2010-05-20	LS454	454 GS FLX Titanium	SINGLE	PCR	AMPLICON	4
SRR045294	SRS011529	SRP002395	PRJNA48333	SAMN10658877	WUGSC	2010-05-19	LS454	454 GS FLX Titanium	SINGLE	PCR	AMPLICON	4
SRR045327	SRS011452	SRP002395	PRJNA48333	SAMN10658394	WUGSC	2010-05-19	LS454	454 GS FLX Titanium	SINGLE	PCR	AMPLICON	4
SRR045344	SRS011586	SRP002395	PRJNA48333	SAMN00033023	WUGSC	2010-05-20	LS454	454 GS FLX Titanium	SINGLE	PCR	AMPLICON	5
SRR045506	SRS014287	SRP002395	PRJNA48333	SAMN00035505	WUGSC	2010-05-19	LS454	454 GS FLX Titanium	SINGLE	PCR	AMPLICON	7
SRR045516	SRS019582	SRP002395	PRJNA48333	SAMN00040800	WUGSC	2010-05-19	LS454	454 GS FLX Titanium	SINGLE	PCR	AMPLICON	7
SRR045535	SRS014271	SRP002395	PRJNA48333	SAMN00035489	WUGSC	2010-05-20	LS454	454 GS FLX Titanium	SINGLE	PCR	AMPLICON	8
SRR045542	SRS047219	SRP002395	PRJNA48333	SAMN00067228	WUGSC	2010-05-19	LS454	454 GS FLX Titanium	SINGLE	PCR	AMPLICON	7
SRR045544	SRS050422	SRP002395	PRJNA48333	SAMN00070431	WUGSC	2010-05-19	LS454	454 GS FLX Titanium	SINGLE	PCR	AMPLICON	6
SRR045558	SRS014287	SRP002395	PRJNA48333	SAMN00035505	WUGSC	2010-05-19	LS454	454 GS FLX Titanium	SINGLE	PCR	AMPLICON	7
SRR045562	SRS019582	SRP002395	PRJNA48333	SAMN00040800	WUGSC	2010-05-20	LS454	454 GS FLX Titanium	SINGLE	PCR	AMPLICON	8
SRR045570	SRS014271	SRP002395	PRJNA48333	SAMN00035489	WUGSC	2010-05-19	LS454	454 GS FLX Titanium	SINGLE	PCR	AMPLICON	10
SRR045573	SRS047219	SRP002395	PRJNA48333	SAMN00067228	WUGSC	2010-05-20	LS454	454 GS FLX Titanium	SINGLE	PCR	AMPLICON	10
SRR045575	SRS050422	SRP002395	PRJNA48333	SAMN00070431	WUGSC	2010-05-19	LS454	454 GS FLX Titanium	SINGLE	PCR	AMPLICON	7
SRR045623	SRS019582	SRP002395	PRJNA48333	SAMN00040800	WUGSC	2010-05-19	LS454	454 GS FLX Titanium	SINGLE	PCR	AMPLICON	7
SRR045624	SRS014271	SRP002395	PRJNA48333	SAMN00035489	WUGSC	2010-05-19	LS454	454 GS FLX Titanium	SINGLE	PCR	AMPLICON	4
SRR045628	SRS050422	SRP002395	PRJNA48333	SAMN00070431	WUGSC	2010-05-20	LS454	454 GS FLX Titanium	SINGLE	PCR	AMPLICON	5
SRR045664	SRS014287	SRP002395	PRJNA48333	SAMN00035505	WUGSC	2010-05-19	LS454	454 GS FLX Titanium	SINGLE	PCR	AMPLICON	6
SRR045665	SRS047219	SRP002395	PRJNA48333	SAMN00067228	WUGSC	2010-05-19	LS454	454 GS FLX Titanium	SINGLE	PCR	AMPLICON	5
SRR045675	SRS015395	SRP002395	PRJNA48333	SAMN00036613	WUGSC	2010-05-19	LS454	454 GS FLX Titanium	SINGLE	PCR	AMPLICON	5
SRR045709	SRS014923	SRP002395	PRJNA48333	SAMN00036141	WUGSC	2010-05-20	LS454	454 GS FLX Titanium	SINGLE	PCR	AMPLICON	6
SRR045715	SRS014613	SRP002395	PRJNA48333	SAMN00035831	WUGSC	2010-05-19	LS454	454 GS FLX Titanium	SINGLE	PCR	AMPLICON	4
SRR045722	SRS015133	SRP002395	PRJNA48333	SAMN00036351	WUGSC	2010-05-19	LS454	454 GS FLX Titanium	SINGLE	PCR	AMPLICON	6
SRR045861	SRS018791	SRP002395	PRJNA48333	SAMN00040009	WUGSC	2010-05-19	LS454	454 GS FLX Titanium	SINGLE	PCR	AMPLICON	3
SRR045867	SRS018817	SRP002395	PRJNA48333	SAMN00040035	WUGSC	2010-05-19	LS454	454 GS FLX Titanium	SINGLE	PCR	AMPLICON	3
SRR045919	SRS014235	SRP002395	PRJNA48333	SAMN10657924	WUGSC	2010-05-19	LS454	454 GS FLX Titanium	SINGLE	PCR	AMPLICON	4
SRR045932	SRS049389	SRP002395	PRJNA48333	SAMN00069398	WUGSC	2010-05-20	LS454	454 GS FLX Titanium	SINGLE	PCR	AMPLICON	4
SRR045933	SRS049959	SRP002395	PRJNA48333	SAMN00069968	WUGSC	2010-05-19	LS454	454 GS FLX Titanium	SINGLE	PCR	AMPLICON	4
SRR045945	SRS019685	SRP002395	PRJNA48333	SAMN10657923	WUGSC	2010-05-20	LS454	454 GS FLX Titanium	SINGLE	PCR	AMPLICON	5
SRR046038	SRS042643	SRP002395	PRJNA48333	SAMN00062652	WUGSC	2010-05-19	LS454	454 GS FLX Titanium	SINGLE	PCR	AMPLICON	26
SRR046056	SRS053335	SRP002395	PRJNA48333	SAMN00073344	WUGSC	2010-05-19	LS454	454 GS FLX Titanium	SINGLE	PCR	AMPLICON	9
SRR046200	SRS018817	SRP002395	PRJNA48333	SAMN00040035	WUGSC	2010-05-19	LS454	454 GS FLX Titanium	SINGLE	PCR	AMPLICON	3
SRR046214	SRS049389	SRP002395	PRJNA48333	SAMN00069398	WUGSC	2010-05-19	LS454	454 GS FLX Titanium	SINGLE	PCR	AMPLICON	4
SRR046215	SRS049959	SRP002395	PRJNA48333	SAMN00069968	WUGSC	2010-05-20	LS454	454 GS FLX Titanium	SINGLE	PCR	AMPLICON	4
SRR046224	SRS019685	SRP002395	PRJNA48333	SAMN10657923	WUGSC	2010-05-19	LS454	454 GS FLX Titanium	SINGLE	PCR	AMPLICON	5
SRR046237	SRS011405	SRP002395	PRJNA48333	SAMN00032842	WUGSC	2010-05-19	LS454	454 GS FLX Titanium	SINGLE	PCR	AMPLICON	5
SRR046311	SRS064276	SRP002395	PRJNA48333	SAMN00083300	WUGSC	2010-05-19	LS454	454 GS FLX Titanium	SINGLE	PCR	AMPLICON	7
SRR046345	SRS043411	SRP002395	PRJNA48333	SAMN00063420	WUGSC	2010-05-20	LS454	454 GS FLX Titanium	SINGLE	PCR	AMPLICON	7
SRR046347	SRS064276	SRP002395	PRJNA48333	SAMN00083300	WUGSC	2010-05-19	LS454	454 GS FLX Titanium	SINGLE	PCR	AMPLICON	7
SRR046376	SRS051031	SRP002395	PRJNA48333	SAMN00071040	WUGSC	2010-05-19	LS454	454 GS FLX Titanium	SINGLE	PCR	AMPLICON	6
SRR046427	SRS054590	SRP002395	PRJNA48333	SAMN00074599	WUGSC	2010-05-19	LS454	454 GS FLX Titanium	SINGLE	PCR	AMPLICON	14
SRR046441	SRS052697	SRP002395	PRJNA48333	SAMN00072706	WUGSC	2010-05-19	LS454	454 GS FLX Titanium	SINGLE	PCR	AMPLICON	26
SRR046542	SRS064557	SRP002395	PRJNA48333	SAMN00083581	WUGSC	2010-05-19	LS454	454 GS FLX Titanium	SINGLE	PCR	AMPLICON	6
SRR046548	SRS065278	SRP002395	PRJNA48333	SAMN00084302	WUGSC	2010-05-19	LS454	454 GS FLX Titanium	SINGLE	PCR	AMPLICON	5
SRR046659	SRS063985	SRP002395	PRJNA48333	SAMN00083009	WUGSC	2010-05-19	LS454	454 GS FLX Titanium	SINGLE	PCR	AMPLICON	4
SRR046698	SRS054590	SRP002395	PRJNA48333	SAMN00074599	WUGSC	2010-05-19	LS454	454 GS FLX Titanium	SINGLE	PCR	AMPLICON	7
SRR046741	SRS062544	SRP002395	PRJNA48333	SAMN00081568	WUGSC	2010-05-19	LS454	454 GS FLX Titanium	SINGLE	PCR	AMPLICON	5
SRR046745	SRS064557	SRP002395	PRJNA48333	SAMN00083581	WUGSC	2010-05-19	LS454	454 GS FLX Titanium	SINGLE	PCR	AMPLICON	6
SRR046752	SRS065278	SRP002395	PRJNA48333	SAMN00084302	WUGSC	2010-05-19	LS454	454 GS FLX Titanium	SINGLE	PCR	AMPLICON	5
SRR046830	SRS063985	SRP002395	PRJNA48333	SAMN00083009	WUGSC	2010-05-19	LS454	454 GS FLX Titanium	SINGLE	PCR	AMPLICON	6
SRR046888	SRS062427	SRP002395	PRJNA48333	SAMN00081451	WUGSC	2010-05-19	LS454	454 GS FLX Titanium	SINGLE	PCR	AMPLICON	10
SRR047142	SRS043411	SRP002395	PRJNA48333	SAMN00063420	WUGSC	2010-05-19	LS454	454 GS FLX Titanium	SINGLE	PCR	AMPLICON	6
SRR047235	SRS056259	SRP002395	PRJNA48333	SAMN00076268	WUGSC	2010-05-19	LS454	454 GS FLX Titanium	SINGLE	PCR	AMPLICON	10
SRR047244	SRS051031	SRP002395	PRJNA48333	SAMN00071040	WUGSC	2010-05-19	LS454	454 GS FLX Titanium	SINGLE	PCR	AMPLICON	9
SRR047303	SRS042628	SRP002395	PRJNA48333	SAMN00062637	WUGSC	2010-05-20	LS454	454 GS FLX Titanium	SINGLE	PCR	AMPLICON	9
SRR047347	SRS062540	SRP002395	PRJNA48333	SAMN00081564	WUGSC	2010-05-19	LS454	454 GS FLX Titanium	SINGLE	PCR	AMPLICON	6
SRR047363	SRS019582	SRP002395	PRJNA48333	SAMN00040800	WUGSC	2010-05-22	LS454	454 GS FLX Titanium	SINGLE	PCR	AMPLICON	7
SRR047364	SRS014271	SRP002395	PRJNA48333	SAMN00035489	WUGSC	2010-05-20	LS454	454 GS FLX Titanium	SINGLE	PCR	AMPLICON	4
SRR047386	SRS014613	SRP002395	PRJNA48333	SAMN00035831	WUGSC	2010-05-20	LS454	454 GS FLX Titanium	SINGLE	PCR	AMPLICON	3
SRR047400	SRS015190	SRP002395	PRJNA48333	SAMN00036408	WUGSC	2010-05-24	LS454	454 GS FLX Titanium	SINGLE	PCR	AMPLICON	5
SRR047423	SRS016225	SRP002395	PRJNA48333	SAMN00037443	WUGSC	2010-05-20	LS454	454 GS FLX Titanium	SINGLE	PCR	AMPLICON	6
SRR047485	SRS011452	SRP002395	PRJNA48333	SAMN10658394	WUGSC	2010-05-20	LS454	454 GS FLX Titanium	SINGLE	PCR	AMPLICON	5
SRR047649	SRS018791	SRP002395	PRJNA48333	SAMN00040009	WUGSC	2010-05-20	LS454	454 GS FLX Titanium	SINGLE	PCR	AMPLICON	3
SRR049315	SRS011405	SRP002395	PRJNA48333	SAMN00032842	WUGSC	2010-05-23	LS454	454 GS FLX Titanium	SINGLE	PCR	AMPLICON	3
SRR049340	SRS042643	SRP002395	PRJNA48333	SAMN00062652	WUGSC	2010-05-23	LS454	454 GS FLX Titanium	SINGLE	PCR	AMPLICON	29
SRR049343	SRS053335	SRP002395	PRJNA48333	SAMN00073344	WUGSC	2010-05-23	LS454	454 GS FLX Titanium	SINGLE	PCR	AMPLICON	9
SRR049357	SRS016056	SRP002395	PRJNA48333	SAMN10657920	WUGSC	2010-05-23	LS454	454 GS FLX Titanium	SINGLE	PCR	AMPLICON	49
SRR049364	SRS014235	SRP002395	PRJNA48333	SAMN10657924	WUGSC	2010-05-23	LS454	454 GS FLX Titanium	SINGLE	PCR	AMPLICON	4
SRR049417	SRS062544	SRP002395	PRJNA48333	SAMN00081568	WUGSC	2010-05-23	LS454	454 GS FLX Titanium	SINGLE	PCR	AMPLICON	3
SRR049457	SRS062540	SRP002395	PRJNA48333	SAMN00081564	WUGSC	2010-05-24	LS454	454 GS FLX Titanium	SINGLE	PCR	AMPLICON	3
SRR049637	SRS062427	SRP002395	PRJNA48333	SAMN00081451	WUGSC	2010-05-23	LS454	454 GS FLX Titanium	SINGLE	PCR	AMPLICON	3
SRR049639	SRS052697	SRP002395	PRJNA48333	SAMN00072706	WUGSC	2010-05-23	LS454	454 GS FLX Titanium	SINGLE	PCR	AMPLICON	10
SRR049646	SRS011271	SRP002395	PRJNA48333	SAMN00032708	WUGSC	2010-05-23	LS454	454 GS FLX Titanium	SINGLE	PCR	AMPLICON	4
SRR049863	SRS015762	SRP002395	PRJNA48333	SAMN00036980	WUGSC	2010-05-24	LS454	454 GS FLX Titanium	SINGLE	PCR	AMPLICON	5
SRR049968	SRS018817	SRP002012	PRJNA48477	SAMN00040035	WUGSC	2010-05-25	LS454	454 GS FLX Titanium	SINGLE	PCR	AMPLICON	3
SRR050015	SRS042628	SRP002012	PRJNA48477	SAMN00062637	WUGSC	2010-05-25	LS454	454 GS FLX Titanium	SINGLE	PCR	AMPLICON	7
SRR050140	SRS056259	SRP002012	PRJNA48477	SAMN00076268	WUGSC	2010-05-25	LS454	454 GS FLX Titanium	SINGLE	PCR	AMPLICON	8
SRR050200	SRS049389	SRP002012	PRJNA48477	SAMN00069398	WUGSC	2010-05-25	LS454	454 GS FLX Titanium	SINGLE	PCR	AMPLICON	4
SRR050230	SRS019685	SRP002012	PRJNA48477	SAMN10657923	WUGSC	2010-05-25	LS454	454 GS FLX Titanium	SINGLE	PCR	AMPLICON	3
SRR050294	SRS018791	SRP002012	PRJNA48477	SAMN00040009	WUGSC	2010-05-25	LS454	454 GS FLX Titanium	SINGLE	PCR	AMPLICON	4
SRR050386	SRS014235	SRP002012	PRJNA48477	SAMN10657924	WUGSC	2010-05-25	LS454	454 GS FLX Titanium	SINGLE	PCR	AMPLICON	5
SRR050434	SRS049959	SRP002012	PRJNA48477	SAMN00069968	WUGSC	2010-05-25	LS454	454 GS FLX Titanium	SINGLE	PCR	AMPLICON	4
SRR055668	SRS011061	SRP002012	PRJNA48477	SAMN10657910	BI	2010-06-09	LS454	454 GS FLX	SINGLE	PCR	AMPLICON	5
SRR055682	SRS011239	SRP002012	PRJNA48477	SAMN00032676	BI	2010-06-09	LS454	454 GS FLX	SINGLE	PCR	AMPLICON	5
SRR055684	SRS011243	SRP002012	PRJNA48477	SAMN00032680	BI	2010-06-09	LS454	454 GS FLX	SINGLE	PCR	AMPLICON	4
SRR055748	SRS011061	SRP002012	PRJNA48477	SAMN10657910	BI	2010-06-09	LS454	454 GS FLX	SINGLE	PCR	AMPLICON	4
SRR055763	SRS011239	SRP002012	PRJNA48477	SAMN00032676	BI	2010-06-09	LS454	454 GS FLX	SINGLE	PCR	AMPLICON	7
SRR055765	SRS011243	SRP002012	PRJNA48477	SAMN00032680	BI	2010-06-09	LS454	454 GS FLX	SINGLE	PCR	AMPLICON	6
SRR055849	SRS011271	SRP002012	PRJNA48477	SAMN00032708	WUGSC	2010-06-09	LS454	454 GS FLX	SINGLE	PCR	AMPLICON	0
SRR055850	SRS011405	SRP002012	PRJNA48477	SAMN00032842	WUGSC	2010-06-09	LS454	454 GS FLX	SINGLE	PCR	AMPLICON	3
SRR055851	SRS011529	SRP002012	PRJNA48477	SAMN10658877	WUGSC	2010-06-09	LS454	454 GS FLX	SINGLE	PCR	AMPLICON	0
SRR055852	SRS011452	SRP002012	PRJNA48477	SAMN10658394	WUGSC	2010-06-09	LS454	454 GS FLX	SINGLE	PCR	AMPLICON	0
SRR055855	SRS011586	SRP002012	PRJNA48477	SAMN00033023	WUGSC	2010-06-09	LS454	454 GS FLX	SINGLE	PCR	AMPLICON	5
SRR056218	SRS011271	SRP002012	PRJNA48477	SAMN00032708	WUGSC	2010-06-09	LS454	454 GS FLX	SINGLE	PCR	AMPLICON	0
SRR056219	SRS011405	SRP002012	PRJNA48477	SAMN00032842	WUGSC	2010-06-09	LS454	454 GS FLX	SINGLE	PCR	AMPLICON	3
SRR056220	SRS011529	SRP002012	PRJNA48477	SAMN10658877	WUGSC	2010-06-09	LS454	454 GS FLX	SINGLE	PCR	AMPLICON	0
SRR056221	SRS011452	SRP002012	PRJNA48477	SAMN10658394	WUGSC	2010-06-09	LS454	454 GS FLX	SINGLE	PCR	AMPLICON	0
SRR056224	SRS011586	SRP002012	PRJNA48477	SAMN00033023	WUGSC	2010-06-09	LS454	454 GS FLX	SINGLE	PCR	AMPLICON	4
SRR056458	SRS011271	SRP002012	PRJNA48477	SAMN00032708	WUGSC	2010-06-09	LS454	454 GS FLX	SINGLE	PCR	AMPLICON	4
SRR056459	SRS011405	SRP002012	PRJNA48477	SAMN00032842	WUGSC	2010-06-09	LS454	454 GS FLX	SINGLE	PCR	AMPLICON	5
SRR056460	SRS011529	SRP002012	PRJNA48477	SAMN10658877	WUGSC	2010-06-09	LS454	454 GS FLX	SINGLE	PCR	AMPLICON	5
SRR056461	SRS011452	SRP002012	PRJNA48477	SAMN10658394	WUGSC	2010-06-09	LS454	454 GS FLX	SINGLE	PCR	AMPLICON	5
SRR056464	SRS011586	SRP002012	PRJNA48477	SAMN00033023	WUGSC	2010-06-09	LS454	454 GS FLX	SINGLE	PCR	AMPLICON	5
SRR056558	SRS011134	SRP002012	PRJNA48477	SAMN00032571	BI	2010-06-09	LS454	454 GS FLX	SINGLE	PCR	AMPLICON	7
SRR056560	SRS011140	SRP002012	PRJNA48477	SAMN00032577	BI	2010-06-09	LS454	454 GS FLX	SINGLE	PCR	AMPLICON	5
SRR056592	SRS011302	SRP002012	PRJNA48477	SAMN00032739	BI	2010-06-09	LS454	454 GS FLX	SINGLE	PCR	AMPLICON	5
SRR056594	SRS011306	SRP002012	PRJNA48477	SAMN00032743	BI	2010-06-09	LS454	454 GS FLX	SINGLE	PCR	AMPLICON	6
SRR056622	SRS011134	SRP002012	PRJNA48477	SAMN00032571	BI	2010-06-09	LS454	454 GS FLX	SINGLE	PCR	AMPLICON	11
SRR056623	SRS011140	SRP002012	PRJNA48477	SAMN00032577	BI	2010-06-09	LS454	454 GS FLX	SINGLE	PCR	AMPLICON	4
SRR056661	SRS011302	SRP002012	PRJNA48477	SAMN00032739	BI	2010-06-09	LS454	454 GS FLX	SINGLE	PCR	AMPLICON	8
SRR056663	SRS011306	SRP002012	PRJNA48477	SAMN00032743	BI	2010-06-09	LS454	454 GS FLX	SINGLE	PCR	AMPLICON	8
SRR056691	SRS011271	SRP002012	PRJNA48477	SAMN00032708	WUGSC	2010-06-09	LS454	454 GS FLX	SINGLE	PCR	AMPLICON	4
SRR056692	SRS011405	SRP002012	PRJNA48477	SAMN00032842	WUGSC	2010-06-09	LS454	454 GS FLX	SINGLE	PCR	AMPLICON	5
SRR056693	SRS011529	SRP002012	PRJNA48477	SAMN10658877	WUGSC	2010-06-09	LS454	454 GS FLX	SINGLE	PCR	AMPLICON	5
SRR056694	SRS011452	SRP002012	PRJNA48477	SAMN10658394	WUGSC	2010-06-09	LS454	454 GS FLX	SINGLE	PCR	AMPLICON	5
SRR056697	SRS011586	SRP002012	PRJNA48477	SAMN00033023	WUGSC	2010-06-09	LS454	454 GS FLX	SINGLE	PCR	AMPLICON	5
SRR056886	SRS011061	SRP002012	PRJNA48477	SAMN10657910	BI	2010-06-09	LS454	454 GS FLX	SINGLE	PCR	AMPLICON	5
SRR056901	SRS011239	SRP002012	PRJNA48477	SAMN00032676	BI	2010-06-09	LS454	454 GS FLX	SINGLE	PCR	AMPLICON	9
SRR056903	SRS011243	SRP002012	PRJNA48477	SAMN00032680	BI	2010-06-09	LS454	454 GS FLX	SINGLE	PCR	AMPLICON	8
SRR056969	SRS011061	SRP002012	PRJNA48477	SAMN10657910	BI	2010-06-09	LS454	454 GS FLX	SINGLE	PCR	AMPLICON	5
SRR056983	SRS011239	SRP002012	PRJNA48477	SAMN00032676	BI	2010-06-09	LS454	454 GS FLX	SINGLE	PCR	AMPLICON	5
SRR056985	SRS011243	SRP002012	PRJNA48477	SAMN00032680	BI	2010-06-09	LS454	454 GS FLX	SINGLE	PCR	AMPLICON	4
SRR057190	SRS011134	SRP002012	PRJNA48477	SAMN00032571	BI	2010-06-09	LS454	454 GS FLX	SINGLE	PCR	AMPLICON	12
SRR057191	SRS011140	SRP002012	PRJNA48477	SAMN00032577	BI	2010-06-09	LS454	454 GS FLX	SINGLE	PCR	AMPLICON	4
SRR057229	SRS011302	SRP002012	PRJNA48477	SAMN00032739	BI	2010-06-09	LS454	454 GS FLX	SINGLE	PCR	AMPLICON	9
SRR057231	SRS011306	SRP002012	PRJNA48477	SAMN00032743	BI	2010-06-09	LS454	454 GS FLX	SINGLE	PCR	AMPLICON	9
SRR057263	SRS011134	SRP002012	PRJNA48477	SAMN00032571	BI	2010-06-09	LS454	454 GS FLX	SINGLE	PCR	AMPLICON	6
SRR057265	SRS011140	SRP002012	PRJNA48477	SAMN00032577	BI	2010-06-09	LS454	454 GS FLX	SINGLE	PCR	AMPLICON	4
SRR057297	SRS011302	SRP002012	PRJNA48477	SAMN00032739	BI	2010-06-09	LS454	454 GS FLX	SINGLE	PCR	AMPLICON	4
SRR057299	SRS011306	SRP002012	PRJNA48477	SAMN00032743	BI	2010-06-09	LS454	454 GS FLX	SINGLE	PCR	AMPLICON	5
SRR059322	SRS017209	SRP002163	PRJNA48479	SAMN00038427	BI	2010-07-08	ILLUMINA	Illumina Genome Analyzer II	SINGLE	RANDOM	WGS	3518
SRR059323	SRS017209	SRP002163	PRJNA48479	SAMN00038427	BI	2010-07-08	ILLUMINA	Illumina Genome Analyzer II	SINGLE	RANDOM	WGS	3491
SRR059330	SRS052027	SRP002163	PRJNA48479	SAMN10657902	BI	2010-07-08	ILLUMINA	Illumina Genome Analyzer II	PAIRED	RANDOM	WGS	7405
SRR059331	SRS052027	SRP002163	PRJNA48479	SAMN10657902	BI	2010-07-08	ILLUMINA	Illumina Genome Analyzer II	PAIRED	RANDOM	WGS	7357
SRR059338	SRS013800	SRP002163	PRJNA48479	SAMN00035018	BI	2010-07-08	ILLUMINA	Illumina Genome Analyzer II	PAIRED	RANDOM	WGS	6903
SRR059339	SRS013800	SRP002163	PRJNA48479	SAMN00035018	BI	2010-07-08	ILLUMINA	Illumina Genome Analyzer II	PAIRED	RANDOM	WGS	6910
SRR059342	SRS024435	SRP002163	PRJNA48479	SAMN00045653	BI	2010-07-08	ILLUMINA	Illumina Genome Analyzer II	PAIRED	RANDOM	WGS	7139
SRR059343	SRS024435	SRP002163	PRJNA48479	SAMN00045653	BI	2010-07-08	ILLUMINA	Illumina Genome Analyzer II	PAIRED	RANDOM	WGS	7127
SRR059344	SRS024388	SRP002163	PRJNA48479	SAMN00045606	BI	2010-07-08	ILLUMINA	Illumina Genome Analyzer II	PAIRED	RANDOM	WGS	8351
SRR059345	SRS024388	SRP002163	PRJNA48479	SAMN00045606	BI	2010-07-08	ILLUMINA	Illumina Genome Analyzer II	PAIRED	RANDOM	WGS	8397
SRR059346	SRS016585	SRP002163	PRJNA48479	SAMN00037803	BI	2010-07-09	ILLUMINA	Illumina Genome Analyzer II	PAIRED	RANDOM	WGS	7596
SRR059347	SRS016585	SRP002163	PRJNA48479	SAMN00037803	BI	2010-07-09	ILLUMINA	Illumina Genome Analyzer II	PAIRED	RANDOM	WGS	7530
SRR059350	SRS020233	SRP002163	PRJNA48479	SAMN00041451	BI	2010-07-09	ILLUMINA	Illumina Genome Analyzer II	PAIRED	RANDOM	WGS	7912
SRR059351	SRS020233	SRP002163	PRJNA48479	SAMN00041451	BI	2010-07-09	ILLUMINA	Illumina Genome Analyzer II	PAIRED	RANDOM	WGS	7849
SRR059352	SRS017701	SRP002163	PRJNA48479	SAMN00038919	BI	2010-07-09	ILLUMINA	Illumina Genome Analyzer II	PAIRED	RANDOM	WGS	7394
SRR059353	SRS017701	SRP002163	PRJNA48479	SAMN00038919	BI	2010-07-09	ILLUMINA	Illumina Genome Analyzer II	PAIRED	RANDOM	WGS	7445
SRR059354	SRS017821	SRP002163	PRJNA48479	SAMN00039039	BI	2010-07-09	ILLUMINA	Illumina Genome Analyzer II	PAIRED	RANDOM	WGS	7272
SRR059355	SRS017821	SRP002163	PRJNA48479	SAMN00039039	BI	2010-07-09	ILLUMINA	Illumina Genome Analyzer II	PAIRED	RANDOM	WGS	7196
SRR059356	SRS020869	SRP002163	PRJNA48479	SAMN00042087	BI	2010-07-09	ILLUMINA	Illumina Genome Analyzer II	PAIRED	RANDOM	WGS	7127
SRR059357	SRS020869	SRP002163	PRJNA48479	SAMN00042087	BI	2010-07-09	ILLUMINA	Illumina Genome Analyzer II	PAIRED	RANDOM	WGS	7129
SRR059360	SRS024441	SRP002163	PRJNA48479	SAMN00045659	BI	2010-07-09	ILLUMINA	Illumina Genome Analyzer II	PAIRED	RANDOM	WGS	7390
SRR059361	SRS024441	SRP002163	PRJNA48479	SAMN00045659	BI	2010-07-09	ILLUMINA	Illumina Genome Analyzer II	PAIRED	RANDOM	WGS	7339
SRR059366	SRS013215	SRP002163	PRJNA48479	SAMN00034433	BI	2010-07-08	ILLUMINA	Illumina Genome Analyzer II	PAIRED	RANDOM	WGS	6750
SRR059367	SRS013215	SRP002163	PRJNA48479	SAMN00034433	BI	2010-07-08	ILLUMINA	Illumina Genome Analyzer II	PAIRED	RANDOM	WGS	6796
SRR059372	SRS016989	SRP002163	PRJNA48479	SAMN00038207	BI	2010-07-08	ILLUMINA	Illumina Genome Analyzer II	PAIRED	RANDOM	WGS	7798
SRR059373	SRS016989	SRP002163	PRJNA48479	SAMN00038207	BI	2010-07-08	ILLUMINA	Illumina Genome Analyzer II	PAIRED	RANDOM	WGS	7783
SRR059378	SRS017433	SRP002163	PRJNA48479	SAMN00038651	BI	2010-07-08	ILLUMINA	Illumina Genome Analyzer II	PAIRED	RANDOM	WGS	6374
SRR059379	SRS017433	SRP002163	PRJNA48479	SAMN00038651	BI	2010-07-08	ILLUMINA	Illumina Genome Analyzer II	PAIRED	RANDOM	WGS	6273
SRR059380	SRS017439	SRP002163	PRJNA48479	SAMN00038657	BI	2010-07-08	ILLUMINA	Illumina Genome Analyzer II	PAIRED	RANDOM	WGS	6672
SRR059381	SRS017439	SRP002163	PRJNA48479	SAMN00038657	BI	2010-07-08	ILLUMINA	Illumina Genome Analyzer II	PAIRED	RANDOM	WGS	6706
SRR059388	SRS024549	SRP002163	PRJNA48479	SAMN00045767	BI	2010-07-08	ILLUMINA	Illumina Genome Analyzer II	PAIRED	RANDOM	WGS	6102
SRR059389	SRS024549	SRP002163	PRJNA48479	SAMN00045767	BI	2010-07-08	ILLUMINA	Illumina Genome Analyzer II	PAIRED	RANDOM	WGS	5899
SRR059394	SRS018351	SRP002163	PRJNA48479	SAMN00039569	BI	2010-07-08	ILLUMINA	Illumina Genome Analyzer II	PAIRED	RANDOM	WGS	6631
SRR059395	SRS018351	SRP002163	PRJNA48479	SAMN00039569	BI	2010-07-08	ILLUMINA	Illumina Genome Analyzer II	PAIRED	RANDOM	WGS	6515
SRR059396	SRS018357	SRP002163	PRJNA48479	SAMN00039575	BI	2010-07-08	ILLUMINA	Illumina Genome Analyzer II	PAIRED	RANDOM	WGS	6250
SRR059397	SRS018357	SRP002163	PRJNA48479	SAMN00039575	BI	2010-07-08	ILLUMINA	Illumina Genome Analyzer II	PAIRED	RANDOM	WGS	6279
SRR059402	SRS017808	SRP002163	PRJNA48479	SAMN00039026	BI	2010-07-08	ILLUMINA	Illumina Genome Analyzer II	PAIRED	RANDOM	WGS	7544
SRR059403	SRS017808	SRP002163	PRJNA48479	SAMN00039026	BI	2010-07-08	ILLUMINA	Illumina Genome Analyzer II	PAIRED	RANDOM	WGS	7517
SRR059406	SRS019968	SRP002163	PRJNA48479	SAMN00041186	BI	2010-07-08	ILLUMINA	Illumina Genome Analyzer II	PAIRED	RANDOM	WGS	6650
SRR059407	SRS019968	SRP002163	PRJNA48479	SAMN00041186	BI	2010-07-08	ILLUMINA	Illumina Genome Analyzer II	PAIRED	RANDOM	WGS	6573
SRR059412	SRS012273	SRP002163	PRJNA48479	SAMN00033491	BI	2010-07-08	ILLUMINA	Illumina Genome Analyzer II	PAIRED	RANDOM	WGS	6913
SRR059413	SRS012273	SRP002163	PRJNA48479	SAMN00033491	BI	2010-07-08	ILLUMINA	Illumina Genome Analyzer II	PAIRED	RANDOM	WGS	7127
SRR059414	SRS012279	SRP002163	PRJNA48479	SAMN00033497	BI	2010-07-08	ILLUMINA	Illumina Genome Analyzer II	PAIRED	RANDOM	WGS	7287
SRR059415	SRS012279	SRP002163	PRJNA48479	SAMN00033497	BI	2010-07-08	ILLUMINA	Illumina Genome Analyzer II	PAIRED	RANDOM	WGS	7365
SRR059416	SRS023526	SRP002163	PRJNA48479	SAMN00044744	BI	2010-07-08	ILLUMINA	Illumina Genome Analyzer II	PAIRED	RANDOM	WGS	6500
SRR059417	SRS023526	SRP002163	PRJNA48479	SAMN00044744	BI	2010-07-08	ILLUMINA	Illumina Genome Analyzer II	PAIRED	RANDOM	WGS	6408
SRR059420	SRS012902	SRP002163	PRJNA48479	SAMN10657903	BI	2010-07-08	ILLUMINA	Illumina Genome Analyzer II	PAIRED	RANDOM	WGS	6142
SRR059421	SRS012902	SRP002163	PRJNA48479	SAMN10657903	BI	2010-07-08	ILLUMINA	Illumina Genome Analyzer II	PAIRED	RANDOM	WGS	6141
SRR059422	SRS023583	SRP002163	PRJNA48479	SAMN00044801	BI	2010-07-08	ILLUMINA	Illumina Genome Analyzer II	PAIRED	RANDOM	WGS	5824
SRR059423	SRS023583	SRP002163	PRJNA48479	SAMN00044801	BI	2010-07-08	ILLUMINA	Illumina Genome Analyzer II	PAIRED	RANDOM	WGS	5954
SRR059424	SRS021948	SRP002163	PRJNA48479	SAMN00043166	BI	2010-07-08	ILLUMINA	Illumina Genome Analyzer II	PAIRED	RANDOM	WGS	5997
SRR059425	SRS021948	SRP002163	PRJNA48479	SAMN00043166	BI	2010-07-08	ILLUMINA	Illumina Genome Analyzer II	PAIRED	RANDOM	WGS	5932
SRR059426	SRS021954	SRP002163	PRJNA48479	SAMN00043172	BI	2010-07-08	ILLUMINA	Illumina Genome Analyzer II	PAIRED	RANDOM	WGS	6122
SRR059427	SRS021954	SRP002163	PRJNA48479	SAMN00043172	BI	2010-07-08	ILLUMINA	Illumina Genome Analyzer II	PAIRED	RANDOM	WGS	6132
SRR059436	SRS024375	SRP002163	PRJNA48479	SAMN00045593	BI	2010-07-08	ILLUMINA	Illumina Genome Analyzer II	PAIRED	RANDOM	WGS	6266
SRR059437	SRS024375	SRP002163	PRJNA48479	SAMN00045593	BI	2010-07-08	ILLUMINA	Illumina Genome Analyzer II	PAIRED	RANDOM	WGS	6384
SRR059440	SRS020328	SRP002163	PRJNA48479	SAMN00041546	BI	2010-07-08	ILLUMINA	Illumina Genome Analyzer II	PAIRED	RANDOM	WGS	6406
SRR059441	SRS020328	SRP002163	PRJNA48479	SAMN00041546	BI	2010-07-08	ILLUMINA	Illumina Genome Analyzer II	PAIRED	RANDOM	WGS	6493
SRR059442	SRS020334	SRP002163	PRJNA48479	SAMN00041552	BI	2010-07-08	ILLUMINA	Illumina Genome Analyzer II	PAIRED	RANDOM	WGS	6384
SRR059443	SRS020334	SRP002163	PRJNA48479	SAMN00041552	BI	2010-07-08	ILLUMINA	Illumina Genome Analyzer II	PAIRED	RANDOM	WGS	6288
SRR059454	SRS022071	SRP002163	PRJNA48479	SAMN00043289	BI	2010-07-09	ILLUMINA	Illumina Genome Analyzer II	PAIRED	RANDOM	WGS	5877
SRR059455	SRS022071	SRP002163	PRJNA48479	SAMN00043289	BI	2010-07-09	ILLUMINA	Illumina Genome Analyzer II	PAIRED	RANDOM	WGS	5975
SRR059460	SRS024009	SRP002163	PRJNA48479	SAMN10657904	BI	2010-07-09	ILLUMINA	Illumina Genome Analyzer II	PAIRED	RANDOM	WGS	6033
SRR059461	SRS024009	SRP002163	PRJNA48479	SAMN10657904	BI	2010-07-09	ILLUMINA	Illumina Genome Analyzer II	PAIRED	RANDOM	WGS	5954
SRR059462	SRS024015	SRP002163	PRJNA48479	SAMN00045233	BI	2010-07-09	ILLUMINA	Illumina Genome Analyzer II	PAIRED	RANDOM	WGS	6392
SRR059463	SRS024015	SRP002163	PRJNA48479	SAMN00045233	BI	2010-07-09	ILLUMINA	Illumina Genome Analyzer II	PAIRED	RANDOM	WGS	6377
SRR059466	SRS018300	SRP002163	PRJNA48479	SAMN00039518	BI	2010-07-09	ILLUMINA	Illumina Genome Analyzer II	PAIRED	RANDOM	WGS	7076
SRR059467	SRS018300	SRP002163	PRJNA48479	SAMN00039518	BI	2010-07-09	ILLUMINA	Illumina Genome Analyzer II	PAIRED	RANDOM	WGS	7056
SRR059470	SRS020220	SRP002163	PRJNA48479	SAMN00041438	BI	2010-07-09	ILLUMINA	Illumina Genome Analyzer II	PAIRED	RANDOM	WGS	6689
SRR059471	SRS020220	SRP002163	PRJNA48479	SAMN00041438	BI	2010-07-09	ILLUMINA	Illumina Genome Analyzer II	PAIRED	RANDOM	WGS	6790
SRR059476	SRS016569	SRP002163	PRJNA48479	SAMN00037787	BI	2010-07-09	ILLUMINA	Illumina Genome Analyzer II	PAIRED	RANDOM	WGS	6792
SRR059477	SRS016569	SRP002163	PRJNA48479	SAMN00037787	BI	2010-07-09	ILLUMINA	Illumina Genome Analyzer II	PAIRED	RANDOM	WGS	6913
SRR059480	SRS019974	SRP002163	PRJNA48479	SAMN00041192	BI	2010-07-09	ILLUMINA	Illumina Genome Analyzer II	PAIRED	RANDOM	WGS	7215
SRR059481	SRS019974	SRP002163	PRJNA48479	SAMN00041192	BI	2010-07-09	ILLUMINA	Illumina Genome Analyzer II	PAIRED	RANDOM	WGS	7152
SRR059500	SRS020856	SRP002163	PRJNA48479	SAMN00042074	BI	2010-07-10	ILLUMINA	Illumina Genome Analyzer II	PAIRED	RANDOM	WGS	6908
SRR059501	SRS020856	SRP002163	PRJNA48479	SAMN00042074	BI	2010-07-10	ILLUMINA	Illumina Genome Analyzer II	PAIRED	RANDOM	WGS	6817
SRR059504	SRS013476	SRP002163	PRJNA48479	SAMN00034694	BI	2010-07-10	ILLUMINA	Illumina Genome Analyzer II	PAIRED	RANDOM	WGS	7108
SRR059505	SRS013476	SRP002163	PRJNA48479	SAMN00034694	BI	2010-07-10	ILLUMINA	Illumina Genome Analyzer II	PAIRED	RANDOM	WGS	7024
SRR059506	SRS024132	SRP002163	PRJNA48479	SAMN00045350	BI	2010-07-10	ILLUMINA	Illumina Genome Analyzer II	PAIRED	RANDOM	WGS	6813
SRR059507	SRS024132	SRP002163	PRJNA48479	SAMN00045350	BI	2010-07-10	ILLUMINA	Illumina Genome Analyzer II	PAIRED	RANDOM	WGS	6819
SRR059508	SRS024138	SRP002163	PRJNA48479	SAMN00045356	BI	2010-07-10	ILLUMINA	Illumina Genome Analyzer II	PAIRED	RANDOM	WGS	6906
SRR059509	SRS024138	SRP002163	PRJNA48479	SAMN00045356	BI	2010-07-10	ILLUMINA	Illumina Genome Analyzer II	PAIRED	RANDOM	WGS	6986
SRR059510	SRS022077	SRP002163	PRJNA48479	SAMN00043295	BI	2010-07-10	ILLUMINA	Illumina Genome Analyzer II	PAIRED	RANDOM	WGS	6533
SRR059511	SRS022077	SRP002163	PRJNA48479	SAMN00043295	BI	2010-07-10	ILLUMINA	Illumina Genome Analyzer II	PAIRED	RANDOM	WGS	6149
SRR059812	SRS013521	SRP002163	PRJNA48479	SAMN00034739	BCM	2010-07-10	ILLUMINA	Illumina Genome Analyzer II	PAIRED	RANDOM	WGS	5400
SRR059813	SRS013521	SRP002163	PRJNA48479	SAMN00034739	BCM	2010-07-10	ILLUMINA	Illumina Genome Analyzer II	PAIRED	RANDOM	WGS	5656
SRR059818	SRS057717	SRP002163	PRJNA48479	SAMN00077726	JCVI	2010-07-10	ILLUMINA	Illumina Genome Analyzer II	PAIRED	RANDOM	WGS	9979
SRR059828	SRS017247	SRP002163	PRJNA48479	SAMN00038465	BCM	2010-07-10	ILLUMINA	Illumina Genome Analyzer II	PAIRED	RANDOM	WGS	4115
SRR059829	SRS017247	SRP002163	PRJNA48479	SAMN00038465	BCM	2010-07-10	ILLUMINA	Illumina Genome Analyzer II	PAIRED	RANDOM	WGS	4245
SRR059830	SRS016753	SRP002163	PRJNA48479	SAMN00037971	BI	2010-07-12	ILLUMINA	Illumina Genome Analyzer II	PAIRED	RANDOM	WGS	6923
SRR059831	SRS016753	SRP002163	PRJNA48479	SAMN00037971	BI	2010-07-12	ILLUMINA	Illumina Genome Analyzer II	PAIRED	RANDOM	WGS	6867
SRR059834	SRS013818	SRP002163	PRJNA48479	SAMN00035036	BI	2010-07-12	ILLUMINA	Illumina Genome Analyzer II	PAIRED	RANDOM	WGS	7007
SRR059835	SRS013818	SRP002163	PRJNA48479	SAMN00035036	BI	2010-07-12	ILLUMINA	Illumina Genome Analyzer II	PAIRED	RANDOM	WGS	6485
SRR059838	SRS016342	SRP002163	PRJNA48479	SAMN00037560	BI	2010-07-12	ILLUMINA	Illumina Genome Analyzer II	PAIRED	RANDOM	WGS	7098
SRR059839	SRS016342	SRP002163	PRJNA48479	SAMN00037560	BI	2010-07-12	ILLUMINA	Illumina Genome Analyzer II	PAIRED	RANDOM	WGS	7062
SRR059848	SRS013164	SRP002163	PRJNA48479	SAMN00034382	BI	2010-07-12	ILLUMINA	Illumina Genome Analyzer II	PAIRED	RANDOM	WGS	7589
SRR059849	SRS013164	SRP002163	PRJNA48479	SAMN00034382	BI	2010-07-12	ILLUMINA	Illumina Genome Analyzer II	PAIRED	RANDOM	WGS	7555
SRR059850	SRS023958	SRP002163	PRJNA48479	SAMN00045176	BI	2010-07-12	ILLUMINA	Illumina Genome Analyzer II	PAIRED	RANDOM	WGS	7021
SRR059851	SRS023958	SRP002163	PRJNA48479	SAMN00045176	BI	2010-07-12	ILLUMINA	Illumina Genome Analyzer II	PAIRED	RANDOM	WGS	7116
SRR059852	SRS021484	SRP002163	PRJNA48479	SAMN00042702	BI	2010-07-12	ILLUMINA	Illumina Genome Analyzer II	PAIRED	RANDOM	WGS	7418
SRR059853	SRS021484	SRP002163	PRJNA48479	SAMN00042702	BI	2010-07-12	ILLUMINA	Illumina Genome Analyzer II	PAIRED	RANDOM	WGS	7392
SRR059854	SRS011239	SRP002163	PRJNA48479	SAMN00032676	BI	2010-07-12	ILLUMINA	Illumina Genome Analyzer II	PAIRED	RANDOM	WGS	8106
SRR059855	SRS011239	SRP002163	PRJNA48479	SAMN00032676	BI	2010-07-12	ILLUMINA	Illumina Genome Analyzer II	PAIRED	RANDOM	WGS	8044
SRR059856	SRS057692	SRP002163	PRJNA48479	SAMN00077701	BI	2010-07-12	ILLUMINA	Illumina Genome Analyzer II	PAIRED	RANDOM	WGS	6022
SRR059857	SRS057692	SRP002163	PRJNA48479	SAMN00077701	BI	2010-07-12	ILLUMINA	Illumina Genome Analyzer II	PAIRED	RANDOM	WGS	7593
SRR059880	SRS050669	SRP002163	PRJNA48479	SAMN00070678	BI	2010-07-12	ILLUMINA	Illumina Genome Analyzer II	PAIRED	RANDOM	WGS	7349
SRR059881	SRS050669	SRP002163	PRJNA48479	SAMN00070678	BI	2010-07-12	ILLUMINA	Illumina Genome Analyzer II	PAIRED	RANDOM	WGS	7411
SRR059882	SRS017120	SRP002163	PRJNA48479	SAMN00038338	BI	2010-07-12	ILLUMINA	Illumina Genome Analyzer II	PAIRED	RANDOM	WGS	6453
SRR059883	SRS017120	SRP002163	PRJNA48479	SAMN00038338	BI	2010-07-12	ILLUMINA	Illumina Genome Analyzer II	PAIRED	RANDOM	WGS	6524
SRR059884	SRS017307	SRP002163	PRJNA48479	SAMN00038525	BI	2010-07-12	ILLUMINA	Illumina Genome Analyzer II	PAIRED	RANDOM	WGS	7232
SRR059885	SRS017307	SRP002163	PRJNA48479	SAMN00038525	BI	2010-07-12	ILLUMINA	Illumina Genome Analyzer II	PAIRED	RANDOM	WGS	7389
SRR059886	SRS017521	SRP002163	PRJNA48479	SAMN10657905	BI	2010-07-12	ILLUMINA	Illumina Genome Analyzer II	PAIRED	RANDOM	WGS	6968
SRR059887	SRS017521	SRP002163	PRJNA48479	SAMN10657905	BI	2010-07-12	ILLUMINA	Illumina Genome Analyzer II	PAIRED	RANDOM	WGS	6864
SRR059890	SRS024331	SRP002163	PRJNA48479	SAMN00045549	BI	2010-07-12	ILLUMINA	Illumina Genome Analyzer II	PAIRED	RANDOM	WGS	7304
SRR059891	SRS024331	SRP002163	PRJNA48479	SAMN00045549	BI	2010-07-12	ILLUMINA	Illumina Genome Analyzer II	PAIRED	RANDOM	WGS	7215
SRR059892	SRS022621	SRP002163	PRJNA48479	SAMN00043839	BI	2010-07-12	ILLUMINA	Illumina Genome Analyzer II	PAIRED	RANDOM	WGS	7531
SRR059893	SRS022621	SRP002163	PRJNA48479	SAMN00043839	BI	2010-07-12	ILLUMINA	Illumina Genome Analyzer II	PAIRED	RANDOM	WGS	7591
SRR059896	SRS013158	SRP002163	PRJNA48479	SAMN00034376	BI	2010-07-12	ILLUMINA	Illumina Genome Analyzer II	PAIRED	RANDOM	WGS	7427
SRR059897	SRS013158	SRP002163	PRJNA48479	SAMN00034376	BI	2010-09-23	ILLUMINA	Illumina Genome Analyzer II	PAIRED	RANDOM	WGS	7390
SRR059900	SRS023176	SRP002163	PRJNA48479	SAMN00044394	BI	2010-07-12	ILLUMINA	Illumina Genome Analyzer II	PAIRED	RANDOM	WGS	7582
SRR059901	SRS023176	SRP002163	PRJNA48479	SAMN00044394	BI	2010-07-12	ILLUMINA	Illumina Genome Analyzer II	PAIRED	RANDOM	WGS	7524
SRR059906	SRS018439	SRP002163	PRJNA48479	SAMN00039657	BI	2010-07-12	ILLUMINA	Illumina Genome Analyzer II	PAIRED	RANDOM	WGS	7053
SRR059907	SRS018439	SRP002163	PRJNA48479	SAMN00039657	BI	2010-07-12	ILLUMINA	Illumina Genome Analyzer II	PAIRED	RANDOM	WGS	7081
SRR059910	SRS023971	SRP002163	PRJNA48479	SAMN00045189	BI	2010-07-12	ILLUMINA	Illumina Genome Analyzer II	PAIRED	RANDOM	WGS	7619
SRR059911	SRS023971	SRP002163	PRJNA48479	SAMN00045189	BI	2010-07-12	ILLUMINA	Illumina Genome Analyzer II	PAIRED	RANDOM	WGS	7780
SRR059914	SRS043701	SRP002163	PRJNA48479	SAMN00063710	BI	2010-07-12	ILLUMINA	Illumina Genome Analyzer II	PAIRED	RANDOM	WGS	7106
SRR059915	SRS043701	SRP002163	PRJNA48479	SAMN00063710	BI	2010-07-12	ILLUMINA	Illumina Genome Analyzer II	PAIRED	RANDOM	WGS	7471
SRR059916	SRS018427	SRP002163	PRJNA48479	SAMN00039645	BI	2010-07-12	ILLUMINA	Illumina Genome Analyzer II	PAIRED	RANDOM	WGS	6962
SRR059917	SRS018427	SRP002163	PRJNA48479	SAMN00039645	BI	2010-07-12	ILLUMINA	Illumina Genome Analyzer II	PAIRED	RANDOM	WGS	5779
SRR059928	SRS011306	SRP002163	PRJNA48479	SAMN00032743	BI	2010-07-12	ILLUMINA	Illumina Genome Analyzer II	PAIRED	RANDOM	WGS	7817
SRR059929	SRS011306	SRP002163	PRJNA48479	SAMN00032743	BI	2010-07-12	ILLUMINA	Illumina Genome Analyzer II	PAIRED	RANDOM	WGS	7936
SRR059952	SRS022137	SRP002163	PRJNA48479	SAMN10657906	BCM	2010-07-11	ILLUMINA	Illumina Genome Analyzer II	PAIRED	RANDOM	WGS	3517
SRR059953	SRS022137	SRP002163	PRJNA48479	SAMN10657906	BCM	2010-07-11	ILLUMINA	Illumina Genome Analyzer II	PAIRED	RANDOM	WGS	5121
SRR059954	SRS022143	SRP002163	PRJNA48479	SAMN00043361	BCM	2010-07-11	ILLUMINA	Illumina Genome Analyzer II	PAIRED	RANDOM	WGS	5466
SRR059955	SRS022143	SRP002163	PRJNA48479	SAMN00043361	BCM	2010-07-12	ILLUMINA	Illumina Genome Analyzer II	PAIRED	RANDOM	WGS	6338
SRR059984	SRS049995	SRP002163	PRJNA48479	SAMN00070004	BCM	2010-07-13	ILLUMINA	Illumina Genome Analyzer II	PAIRED	RANDOM	WGS	6389
SRR059985	SRS049995	SRP002163	PRJNA48479	SAMN00070004	BCM	2010-07-13	ILLUMINA	Illumina Genome Analyzer II	PAIRED	RANDOM	WGS	5505
SRR059988	SRS049147	SRP002163	PRJNA48479	SAMN00069156	BCM	2010-07-13	ILLUMINA	Illumina Genome Analyzer II	PAIRED	RANDOM	WGS	6045
SRR059989	SRS049147	SRP002163	PRJNA48479	SAMN00069156	BCM	2010-07-13	ILLUMINA	Illumina Genome Analyzer II	PAIRED	RANDOM	WGS	5756
SRR059992	SRS055982	SRP002163	PRJNA48479	SAMN10657927	BCM	2010-07-13	ILLUMINA	Illumina Genome Analyzer II	PAIRED	RANDOM	WGS	5746
SRR059993	SRS055982	SRP002163	PRJNA48479	SAMN10657927	BCM	2010-07-13	ILLUMINA	Illumina Genome Analyzer II	PAIRED	RANDOM	WGS	4363
SRR060000	SRS078176	SRP002163	PRJNA48479	SAMN00088343	BCM	2010-07-13	ILLUMINA	Illumina Genome Analyzer II	PAIRED	RANDOM	WGS	4539
SRR060001	SRS078176	SRP002163	PRJNA48479	SAMN00088343	BCM	2010-07-13	ILLUMINA	Illumina Genome Analyzer II	PAIRED	RANDOM	WGS	5572
SRR060003	SRS063040	SRP002163	PRJNA48479	SAMN00082064	JCVI	2010-07-13	ILLUMINA	Illumina Genome Analyzer II	PAIRED	RANDOM	WGS	11545
SRR060005	SRS063288	SRP002163	PRJNA48479	SAMN00082312	JCVI	2010-07-13	ILLUMINA	Illumina Genome Analyzer II	PAIRED	RANDOM	WGS	13391
SRR060006	SRS023346	SRP002163	PRJNA48479	SAMN00044564	JCVI	2010-07-13	ILLUMINA	Illumina Genome Analyzer II	PAIRED	RANDOM	WGS	8455
SRR060007	SRS023352	SRP002163	PRJNA48479	SAMN00044570	JCVI	2010-07-14	ILLUMINA	Illumina Genome Analyzer II	PAIRED	RANDOM	WGS	12475
SRR060020	SRS022530	SRP002163	PRJNA48479	SAMN00043748	JCVI	2010-07-14	ILLUMINA	Illumina Genome Analyzer II	PAIRED	RANDOM	WGS	8472
SRR060025	SRS016495	SRP002163	PRJNA48479	SAMN00037713	BCM	2010-07-14	ILLUMINA	Illumina Genome Analyzer II	PAIRED	RANDOM	WGS	6219
SRR060026	SRS016495	SRP002163	PRJNA48479	SAMN00037713	BCM	2010-07-14	ILLUMINA	Illumina Genome Analyzer II	PAIRED	RANDOM	WGS	6161
SRR060036	SRS022719	SRP002163	PRJNA48479	SAMN00043937	JCVI	2010-07-14	ILLUMINA	Illumina Genome Analyzer II	PAIRED	RANDOM	WGS	13975
SRR060040	SRS044662	SRP002163	PRJNA48479	SAMN00064671	JCVI	2010-08-26	ILLUMINA	Illumina Genome Analyzer II	PAIRED	RANDOM	WGS	6507
SRR060044	SRS045645	SRP002163	PRJNA48479	SAMN10658880	JCVI	2010-07-16	ILLUMINA	Illumina Genome Analyzer II	PAIRED	RANDOM	WGS	10905
SRR060075	SRS024081	SRP002163	PRJNA48479	SAMN00045299	BCM	2010-07-15	ILLUMINA	Illumina Genome Analyzer II	PAIRED	RANDOM	WGS	6083
SRR060076	SRS024081	SRP002163	PRJNA48479	SAMN00045299	BCM	2010-07-15	ILLUMINA	Illumina Genome Analyzer II	PAIRED	RANDOM	WGS	6273
SRR060081	SRS048791	SRP002163	PRJNA48479	SAMN00068800	BCM	2010-07-15	ILLUMINA	Illumina Genome Analyzer II	PAIRED	RANDOM	WGS	5761
SRR060082	SRS048791	SRP002163	PRJNA48479	SAMN00068800	BCM	2010-07-15	ILLUMINA	Illumina Genome Analyzer II	PAIRED	RANDOM	WGS	5766
SRR060119	SRS063932	SRP002163	PRJNA48479	SAMN00082956	BCM	2010-07-15	ILLUMINA	Illumina Genome Analyzer II	PAIRED	RANDOM	WGS	5582
SRR060120	SRS063932	SRP002163	PRJNA48479	SAMN00082956	BCM	2010-07-19	ILLUMINA	Illumina Genome Analyzer II	PAIRED	RANDOM	WGS	5673
SRR060123	SRS045715	SRP002163	PRJNA48479	SAMN00065724	JCVI	2010-07-15	ILLUMINA	Illumina Genome Analyzer II	PAIRED	RANDOM	WGS	12091
SRR060137	SRS077730	SRP002163	PRJNA48479	SAMN00087897	BCM	2010-07-15	ILLUMINA	Illumina Genome Analyzer II	PAIRED	RANDOM	WGS	5679
SRR060138	SRS077730	SRP002163	PRJNA48479	SAMN00087897	BCM	2010-07-15	ILLUMINA	Illumina Genome Analyzer II	PAIRED	RANDOM	WGS	5665
SRR060152	SRS045004	SRP002163	PRJNA48479	SAMN00065013	JCVI	2010-07-15	ILLUMINA	Illumina Genome Analyzer II	PAIRED	RANDOM	WGS	12668
SRR060154	SRS045127	SRP002163	PRJNA48479	SAMN00065136	JCVI	2010-07-15	ILLUMINA	Illumina Genome Analyzer II	PAIRED	RANDOM	WGS	11450
SRR060350	SRS024318	SRP002163	PRJNA48479	SAMN00045536	BI	2010-08-09	ILLUMINA	Illumina Genome Analyzer II	PAIRED	RANDOM	WGS	7011
SRR060351	SRS024318	SRP002163	PRJNA48479	SAMN00045536	BI	2010-08-09	ILLUMINA	Illumina Genome Analyzer II	PAIRED	RANDOM	WGS	7029
SRR060352	SRS022609	SRP002163	PRJNA48479	SAMN00043827	BI	2010-08-09	ILLUMINA	Illumina Genome Analyzer II	PAIRED	RANDOM	WGS	7182
SRR060353	SRS022609	SRP002163	PRJNA48479	SAMN00043827	BI	2010-08-09	ILLUMINA	Illumina Genome Analyzer II	PAIRED	RANDOM	WGS	7108
SRR060356	SRS058770	SRP002163	PRJNA48479	SAMN10657908	BI	2010-08-09	ILLUMINA	Illumina Genome Analyzer II	PAIRED	RANDOM	WGS	7426
SRR060357	SRS058770	SRP002163	PRJNA48479	SAMN10657908	BI	2010-08-09	ILLUMINA	Illumina Genome Analyzer II	PAIRED	RANDOM	WGS	7683
SRR060358	SRS017191	SRP002163	PRJNA48479	SAMN00038409	BI	2010-08-09	ILLUMINA	Illumina Genome Analyzer II	PAIRED	RANDOM	WGS	5577
SRR060359	SRS017191	SRP002163	PRJNA48479	SAMN00038409	BI	2010-08-09	ILLUMINA	Illumina Genome Analyzer II	PAIRED	RANDOM	WGS	7065
SRR060360	SRS013705	SRP002163	PRJNA48479	SAMN00034923	BI	2010-08-09	ILLUMINA	Illumina Genome Analyzer II	PAIRED	RANDOM	WGS	7328
SRR060361	SRS013705	SRP002163	PRJNA48479	SAMN00034923	BI	2010-08-09	ILLUMINA	Illumina Genome Analyzer II	PAIRED	RANDOM	WGS	7315
SRR060362	SRS023914	SRP002163	PRJNA48479	SAMN00045132	BI	2010-08-09	ILLUMINA	Illumina Genome Analyzer II	PAIRED	RANDOM	WGS	7573
SRR060363	SRS023914	SRP002163	PRJNA48479	SAMN00045132	BI	2010-08-09	ILLUMINA	Illumina Genome Analyzer II	PAIRED	RANDOM	WGS	7655
SRR060364	SRS017103	SRP002163	PRJNA48479	SAMN00038321	BI	2010-08-09	ILLUMINA	Illumina Genome Analyzer II	PAIRED	RANDOM	WGS	7076
SRR060365	SRS017103	SRP002163	PRJNA48479	SAMN00038321	BI	2010-08-09	ILLUMINA	Illumina Genome Analyzer II	PAIRED	RANDOM	WGS	7076
SRR060368	SRS024265	SRP002163	PRJNA48479	SAMN10657909	BI	2010-08-09	ILLUMINA	Illumina Genome Analyzer II	PAIRED	RANDOM	WGS	7449
SRR060369	SRS024265	SRP002163	PRJNA48479	SAMN10657909	BI	2010-08-09	ILLUMINA	Illumina Genome Analyzer II	PAIRED	RANDOM	WGS	7460
SRR060370	SRS011061	SRP002163	PRJNA48479	SAMN10657910	BI	2010-08-09	ILLUMINA	Illumina Genome Analyzer II	PAIRED	RANDOM	WGS	7426
SRR060371	SRS011061	SRP002163	PRJNA48479	SAMN10657910	BI	2010-08-09	ILLUMINA	Illumina Genome Analyzer II	PAIRED	RANDOM	WGS	7406
SRR060374	SRS013687	SRP002163	PRJNA48479	SAMN00034905	BI	2010-08-09	ILLUMINA	Illumina Genome Analyzer II	PAIRED	RANDOM	WGS	7460
SRR060375	SRS013687	SRP002163	PRJNA48479	SAMN00034905	BI	2010-08-09	ILLUMINA	Illumina Genome Analyzer II	PAIRED	RANDOM	WGS	7407
SRR060376	SRS018145	SRP002163	PRJNA48479	SAMN00039363	BI	2010-08-09	ILLUMINA	Illumina Genome Analyzer II	PAIRED	RANDOM	WGS	7496
SRR060377	SRS018145	SRP002163	PRJNA48479	SAMN00039363	BI	2010-08-09	ILLUMINA	Illumina Genome Analyzer II	PAIRED	RANDOM	WGS	7551
SRR060378	SRS021496	SRP002163	PRJNA48479	SAMN00042714	BI	2010-08-09	ILLUMINA	Illumina Genome Analyzer II	PAIRED	RANDOM	WGS	7212
SRR060379	SRS021496	SRP002163	PRJNA48479	SAMN00042714	BI	2010-08-09	ILLUMINA	Illumina Genome Analyzer II	PAIRED	RANDOM	WGS	7250
SRR060386	SRS023926	SRP002163	PRJNA48479	SAMN00045144	BI	2010-08-09	ILLUMINA	Illumina Genome Analyzer II	PAIRED	RANDOM	WGS	7312
SRR060387	SRS023926	SRP002163	PRJNA48479	SAMN00045144	BI	2010-08-09	ILLUMINA	Illumina Genome Analyzer II	PAIRED	RANDOM	WGS	7292
SRR060390	SRS023617	SRP002163	PRJNA48479	SAMN00044835	BI	2010-08-09	ILLUMINA	Illumina Genome Analyzer II	PAIRED	RANDOM	WGS	6779
SRR060391	SRS023617	SRP002163	PRJNA48479	SAMN00044835	BI	2010-08-09	ILLUMINA	Illumina Genome Analyzer II	PAIRED	RANDOM	WGS	6809
SRR060408	SRS024277	SRP002163	PRJNA48479	SAMN00045495	BI	2010-08-09	ILLUMINA	Illumina Genome Analyzer II	PAIRED	RANDOM	WGS	7532
SRR060409	SRS024277	SRP002163	PRJNA48479	SAMN00045495	BI	2010-08-09	ILLUMINA	Illumina Genome Analyzer II	PAIRED	RANDOM	WGS	7338
SRR060410	SRS011302	SRP002163	PRJNA48479	SAMN00032739	BI	2010-08-09	ILLUMINA	Illumina Genome Analyzer II	PAIRED	RANDOM	WGS	7746
SRR060411	SRS011302	SRP002163	PRJNA48479	SAMN00032739	BI	2010-08-09	ILLUMINA	Illumina Genome Analyzer II	PAIRED	RANDOM	WGS	7808
SRR060416	SRS011243	SRP002163	PRJNA48479	SAMN00032680	BI	2010-08-09	ILLUMINA	Illumina Genome Analyzer II	PAIRED	RANDOM	WGS	7419
SRR060417	SRS011243	SRP002163	PRJNA48479	SAMN00032680	BI	2010-08-09	ILLUMINA	Illumina Genome Analyzer II	PAIRED	RANDOM	WGS	7466
SRR060440	SRS024637	SRP002163	PRJNA48479	SAMN00045855	BI	2010-08-09	ILLUMINA	Illumina Genome Analyzer II	PAIRED	RANDOM	WGS	6262
SRR060441	SRS024637	SRP002163	PRJNA48479	SAMN00045855	BI	2010-08-09	ILLUMINA	Illumina Genome Analyzer II	PAIRED	RANDOM	WGS	6246
SRR060442	SRS011134	SRP002163	PRJNA48479	SAMN00032571	BI	2010-08-09	ILLUMINA	Illumina Genome Analyzer II	PAIRED	RANDOM	WGS	7795
SRR060443	SRS011134	SRP002163	PRJNA48479	SAMN00032571	BI	2010-08-09	ILLUMINA	Illumina Genome Analyzer II	PAIRED	RANDOM	WGS	7813
SRR060446	SRS023835	SRP002163	PRJNA48479	SAMN00045053	BI	2010-08-09	ILLUMINA	Illumina Genome Analyzer II	PAIRED	RANDOM	WGS	7541
SRR060447	SRS023835	SRP002163	PRJNA48479	SAMN00045053	BI	2010-08-09	ILLUMINA	Illumina Genome Analyzer II	PAIRED	RANDOM	WGS	7504
SRR061044	SRS014683	SRP002163	PRJNA48479	SAMN10657911	WUGSC	2010-07-29	ILLUMINA	Illumina Genome Analyzer II	PAIRED	RANDOM	WGS	3899
SRR061135	SRS014683	SRP002163	PRJNA48479	SAMN10657911	WUGSC	2010-07-29	ILLUMINA	Illumina Genome Analyzer II	PAIRED	RANDOM	WGS	5716
SRR061136	SRS015065	SRP002163	PRJNA48479	SAMN00036283	WUGSC	2010-07-29	ILLUMINA	Illumina Genome Analyzer II	PAIRED	RANDOM	WGS	6206
SRR061137	SRS013951	SRP002163	PRJNA48479	SAMN00035169	WUGSC	2010-07-29	ILLUMINA	Illumina Genome Analyzer II	PAIRED	RANDOM	WGS	6364
SRR061138	SRS014459	SRP002163	PRJNA48479	SAMN00035677	WUGSC	2010-07-29	ILLUMINA	Illumina Genome Analyzer II	PAIRED	RANDOM	WGS	6025
SRR061139	SRS019161	SRP002163	PRJNA48479	SAMN00040379	WUGSC	2010-07-29	ILLUMINA	Illumina Genome Analyzer II	PAIRED	RANDOM	WGS	6984
SRR061140	SRS019030	SRP002163	PRJNA48479	SAMN10657934	WUGSC	2010-07-29	ILLUMINA	Illumina Genome Analyzer II	PAIRED	RANDOM	WGS	6329
SRR061141	SRS018791	SRP002163	PRJNA48479	SAMN00040009	WUGSC	2010-07-29	ILLUMINA	Illumina Genome Analyzer II	PAIRED	RANDOM	WGS	7413
SRR061143	SRS015190	SRP002163	PRJNA48479	SAMN00036408	WUGSC	2010-07-29	ILLUMINA	Illumina Genome Analyzer II	PAIRED	RANDOM	WGS	7429
SRR061144	SRS011586	SRP002163	PRJNA48479	SAMN00033023	WUGSC	2010-07-29	ILLUMINA	Illumina Genome Analyzer II	PAIRED	RANDOM	WGS	7262
SRR061145	SRS011586	SRP002163	PRJNA48479	SAMN00033023	WUGSC	2010-07-29	ILLUMINA	Illumina Genome Analyzer II	PAIRED	RANDOM	WGS	7288
SRR061146	SRS018791	SRP002163	PRJNA48479	SAMN00040009	WUGSC	2010-07-29	ILLUMINA	Illumina Genome Analyzer II	PAIRED	RANDOM	WGS	7430
SRR061147	SRS015190	SRP002163	PRJNA48479	SAMN00036408	WUGSC	2010-07-29	ILLUMINA	Illumina Genome Analyzer II	PAIRED	RANDOM	WGS	7427
SRR061149	SRS014979	SRP002163	PRJNA48479	SAMN10657918	WUGSC	2010-07-29	ILLUMINA	Illumina Genome Analyzer II	PAIRED	RANDOM	WGS	5676
SRR061150	SRS019267	SRP002163	PRJNA48479	SAMN00040485	WUGSC	2010-07-29	ILLUMINA	Illumina Genome Analyzer II	PAIRED	RANDOM	WGS	6547
SRR061151	SRS053335	SRP002163	PRJNA48479	SAMN00073344	WUGSC	2010-07-29	ILLUMINA	Illumina Genome Analyzer II	PAIRED	RANDOM	WGS	6344
SRR061152	SRS065504	SRP002163	PRJNA48479	SAMN10657919	WUGSC	2010-07-29	ILLUMINA	Illumina Genome Analyzer II	PAIRED	RANDOM	WGS	6626
SRR061153	SRS011529	SRP002163	PRJNA48479	SAMN10658877	WUGSC	2010-07-29	ILLUMINA	Illumina Genome Analyzer II	PAIRED	RANDOM	WGS	7245
SRR061154	SRS019267	SRP002163	PRJNA48479	SAMN00040485	WUGSC	2010-07-29	ILLUMINA	Illumina Genome Analyzer II	PAIRED	RANDOM	WGS	6757
SRR061156	SRS014979	SRP002163	PRJNA48479	SAMN10657918	WUGSC	2010-07-30	ILLUMINA	Illumina Genome Analyzer II	PAIRED	RANDOM	WGS	5744
SRR061157	SRS016335	SRP002163	PRJNA48479	SAMN00037553	WUGSC	2010-07-30	ILLUMINA	Illumina Genome Analyzer II	PAIRED	RANDOM	WGS	6639
SRR061158	SRS053335	SRP002163	PRJNA48479	SAMN00073344	WUGSC	2010-07-29	ILLUMINA	Illumina Genome Analyzer II	PAIRED	RANDOM	WGS	6148
SRR061161	SRS016335	SRP002163	PRJNA48479	SAMN00037553	WUGSC	2010-07-29	ILLUMINA	Illumina Genome Analyzer II	PAIRED	RANDOM	WGS	6966
SRR061164	SRS011405	SRP002163	PRJNA48479	SAMN00032842	WUGSC	2010-07-29	ILLUMINA	Illumina Genome Analyzer II	PAIRED	RANDOM	WGS	6953
SRR061165	SRS049712	SRP002163	PRJNA48479	SAMN00069721	WUGSC	2010-07-29	ILLUMINA	Illumina Genome Analyzer II	PAIRED	RANDOM	WGS	6659
SRR061166	SRS011405	SRP002163	PRJNA48479	SAMN00032842	WUGSC	2010-07-29	ILLUMINA	Illumina Genome Analyzer II	PAIRED	RANDOM	WGS	7158
SRR061167	SRS065504	SRP002163	PRJNA48479	SAMN10657919	WUGSC	2010-07-29	ILLUMINA	Illumina Genome Analyzer II	PAIRED	RANDOM	WGS	6502
SRR061168	SRS011271	SRP002163	PRJNA48479	SAMN00032708	WUGSC	2010-07-29	ILLUMINA	Illumina Genome Analyzer II	PAIRED	RANDOM	WGS	7110
SRR061169	SRS016095	SRP002163	PRJNA48479	SAMN00037313	WUGSC	2010-07-29	ILLUMINA	Illumina Genome Analyzer II	PAIRED	RANDOM	WGS	5994
SRR061170	SRS011271	SRP002163	PRJNA48479	SAMN00032708	WUGSC	2010-07-29	ILLUMINA	Illumina Genome Analyzer II	PAIRED	RANDOM	WGS	7335
SRR061172	SRS016095	SRP002163	PRJNA48479	SAMN00037313	WUGSC	2010-07-29	ILLUMINA	Illumina Genome Analyzer II	PAIRED	RANDOM	WGS	6190
SRR061173	SRS011529	SRP002163	PRJNA48479	SAMN10658877	WUGSC	2010-07-29	ILLUMINA	Illumina Genome Analyzer II	PAIRED	RANDOM	WGS	7194
SRR061174	SRS049712	SRP002163	PRJNA48479	SAMN00069721	WUGSC	2010-07-29	ILLUMINA	Illumina Genome Analyzer II	PAIRED	RANDOM	WGS	6854
SRR061177	SRS016319	SRP002163	PRJNA48479	SAMN00037537	WUGSC	2010-07-29	ILLUMINA	Illumina Genome Analyzer II	PAIRED	RANDOM	WGS	6130
SRR061178	SRS016319	SRP002163	PRJNA48479	SAMN00037537	WUGSC	2010-07-29	ILLUMINA	Illumina Genome Analyzer II	PAIRED	RANDOM	WGS	6197
SRR061181	SRS064276	SRP002163	PRJNA48479	SAMN00083300	WUGSC	2010-07-29	ILLUMINA	Illumina Genome Analyzer II	PAIRED	RANDOM	WGS	4833
SRR061182	SRS015133	SRP002163	PRJNA48479	SAMN00036351	WUGSC	2010-07-29	ILLUMINA	Illumina Genome Analyzer II	PAIRED	RANDOM	WGS	5630
SRR061183	SRS015782	SRP002163	PRJNA48479	SAMN00037000	WUGSC	2010-07-29	ILLUMINA	Illumina Genome Analyzer II	PAIRED	RANDOM	WGS	5677
SRR061184	SRS042628	SRP002163	PRJNA48479	SAMN00062637	WUGSC	2010-07-29	ILLUMINA	Illumina Genome Analyzer II	PAIRED	RANDOM	WGS	6280
SRR061185	SRS015794	SRP002163	PRJNA48479	SAMN00037012	WUGSC	2010-07-29	ILLUMINA	Illumina Genome Analyzer II	PAIRED	RANDOM	WGS	6345
SRR061187	SRS054590	SRP002163	PRJNA48479	SAMN00074599	WUGSC	2010-07-29	ILLUMINA	Illumina Genome Analyzer II	PAIRED	RANDOM	WGS	3253
SRR061188	SRS043411	SRP002163	PRJNA48479	SAMN00063420	WUGSC	2010-07-29	ILLUMINA	Illumina Genome Analyzer II	PAIRED	RANDOM	WGS	3679
SRR061190	SRS043411	SRP002163	PRJNA48479	SAMN00063420	WUGSC	2010-07-29	ILLUMINA	Illumina Genome Analyzer II	PAIRED	RANDOM	WGS	3686
SRR061191	SRS016018	SRP002163	PRJNA48479	SAMN00037236	WUGSC	2010-07-29	ILLUMINA	Illumina Genome Analyzer II	PAIRED	RANDOM	WGS	4123
SRR061195	SRS015794	SRP002163	PRJNA48479	SAMN00037012	WUGSC	2010-07-29	ILLUMINA	Illumina Genome Analyzer II	PAIRED	RANDOM	WGS	6450
SRR061197	SRS016018	SRP002163	PRJNA48479	SAMN00037236	WUGSC	2010-07-29	ILLUMINA	Illumina Genome Analyzer II	PAIRED	RANDOM	WGS	4750
SRR061198	SRS016056	SRP002163	PRJNA48479	SAMN10657920	WUGSC	2010-07-29	ILLUMINA	Illumina Genome Analyzer II	PAIRED	RANDOM	WGS	4718
SRR061199	SRS064276	SRP002163	PRJNA48479	SAMN00083300	WUGSC	2010-07-29	ILLUMINA	Illumina Genome Analyzer II	PAIRED	RANDOM	WGS	4769
SRR061200	SRS016056	SRP002163	PRJNA48479	SAMN10657920	WUGSC	2010-07-29	ILLUMINA	Illumina Genome Analyzer II	PAIRED	RANDOM	WGS	4849
SRR061202	SRS016002	SRP002163	PRJNA48479	SAMN00037220	WUGSC	2010-07-29	ILLUMINA	Illumina Genome Analyzer II	PAIRED	RANDOM	WGS	5566
SRR061204	SRS015133	SRP002163	PRJNA48479	SAMN00036351	WUGSC	2010-07-29	ILLUMINA	Illumina Genome Analyzer II	PAIRED	RANDOM	WGS	5741
SRR061205	SRS015663	SRP002163	PRJNA48479	SAMN00036881	WUGSC	2010-07-29	ILLUMINA	Illumina Genome Analyzer II	PAIRED	RANDOM	WGS	5809
SRR061208	SRS015782	SRP002163	PRJNA48479	SAMN00037000	WUGSC	2010-07-29	ILLUMINA	Illumina Genome Analyzer II	PAIRED	RANDOM	WGS	5698
SRR061209	SRS015663	SRP002163	PRJNA48479	SAMN00036881	WUGSC	2010-07-29	ILLUMINA	Illumina Genome Analyzer II	PAIRED	RANDOM	WGS	5918
SRR061210	SRS049389	SRP002163	PRJNA48479	SAMN00069398	WUGSC	2010-07-29	ILLUMINA	Illumina Genome Analyzer II	PAIRED	RANDOM	WGS	5840
SRR061211	SRS016002	SRP002163	PRJNA48479	SAMN00037220	WUGSC	2010-07-29	ILLUMINA	Illumina Genome Analyzer II	PAIRED	RANDOM	WGS	5775
SRR061212	SRS042628	SRP002163	PRJNA48479	SAMN00062637	WUGSC	2010-07-29	ILLUMINA	Illumina Genome Analyzer II	PAIRED	RANDOM	WGS	5513
SRR061213	SRS019607	SRP002163	PRJNA48479	SAMN00040825	WUGSC	2010-07-29	ILLUMINA	Illumina Genome Analyzer II	PAIRED	RANDOM	WGS	5993
SRR061214	SRS019607	SRP002163	PRJNA48479	SAMN00040825	WUGSC	2010-07-29	ILLUMINA	Illumina Genome Analyzer II	PAIRED	RANDOM	WGS	6027
SRR061215	SRS049959	SRP002163	PRJNA48479	SAMN00069968	WUGSC	2010-07-29	ILLUMINA	Illumina Genome Analyzer II	PAIRED	RANDOM	WGS	6184
SRR061218	SRS051031	SRP002163	PRJNA48479	SAMN00071040	WUGSC	2010-07-29	ILLUMINA	Illumina Genome Analyzer II	PAIRED	RANDOM	WGS	6035
SRR061219	SRS054590	SRP002163	PRJNA48479	SAMN00074599	WUGSC	2010-07-29	ILLUMINA	Illumina Genome Analyzer II	PAIRED	RANDOM	WGS	6225
SRR061220	SRS049959	SRP002163	PRJNA48479	SAMN00069968	WUGSC	2010-07-29	ILLUMINA	Illumina Genome Analyzer II	PAIRED	RANDOM	WGS	6082
SRR061221	SRS049389	SRP002163	PRJNA48479	SAMN00069398	WUGSC	2010-07-29	ILLUMINA	Illumina Genome Analyzer II	PAIRED	RANDOM	WGS	5843
SRR061222	SRS015578	SRP002163	PRJNA48479	SAMN10657921	WUGSC	2010-07-29	ILLUMINA	Illumina Genome Analyzer II	PAIRED	RANDOM	WGS	6382
SRR061224	SRS015434	SRP002163	PRJNA48479	SAMN00036652	WUGSC	2010-07-29	ILLUMINA	Illumina Genome Analyzer II	PAIRED	RANDOM	WGS	5976
SRR061225	SRS015395	SRP002163	PRJNA48479	SAMN00036613	WUGSC	2010-07-29	ILLUMINA	Illumina Genome Analyzer II	PAIRED	RANDOM	WGS	5659
SRR061226	SRS014613	SRP002163	PRJNA48479	SAMN00035831	WUGSC	2010-07-29	ILLUMINA	Illumina Genome Analyzer II	PAIRED	RANDOM	WGS	5919
SRR061228	SRS015434	SRP002163	PRJNA48479	SAMN00036652	WUGSC	2010-07-29	ILLUMINA	Illumina Genome Analyzer II	PAIRED	RANDOM	WGS	5732
SRR061229	SRS014613	SRP002163	PRJNA48479	SAMN00035831	WUGSC	2010-07-29	ILLUMINA	Illumina Genome Analyzer II	PAIRED	RANDOM	WGS	5708
SRR061231	SRS015578	SRP002163	PRJNA48479	SAMN10657921	WUGSC	2010-07-29	ILLUMINA	Illumina Genome Analyzer II	PAIRED	RANDOM	WGS	6394
SRR061233	SRS016225	SRP002163	PRJNA48479	SAMN00037443	WUGSC	2010-07-29	ILLUMINA	Illumina Genome Analyzer II	PAIRED	RANDOM	WGS	6135
SRR061234	SRS051031	SRP002163	PRJNA48479	SAMN00071040	WUGSC	2010-07-29	ILLUMINA	Illumina Genome Analyzer II	PAIRED	RANDOM	WGS	6416
SRR061235	SRS015369	SRP002163	PRJNA48479	SAMN00036587	WUGSC	2010-07-29	ILLUMINA	Illumina Genome Analyzer II	PAIRED	RANDOM	WGS	5461
SRR061236	SRS056259	SRP002163	PRJNA48479	SAMN00076268	WUGSC	2010-07-29	ILLUMINA	Illumina Genome Analyzer II	PAIRED	RANDOM	WGS	6457
SRR061237	SRS019071	SRP002163	PRJNA48479	SAMN00040289	WUGSC	2010-07-29	ILLUMINA	Illumina Genome Analyzer II	PAIRED	RANDOM	WGS	6161
SRR061241	SRS015762	SRP002163	PRJNA48479	SAMN00036980	WUGSC	2010-07-29	ILLUMINA	Illumina Genome Analyzer II	PAIRED	RANDOM	WGS	6376
SRR061242	SRS016225	SRP002163	PRJNA48479	SAMN00037443	WUGSC	2010-07-29	ILLUMINA	Illumina Genome Analyzer II	PAIRED	RANDOM	WGS	5960
SRR061243	SRS015762	SRP002163	PRJNA48479	SAMN00036980	WUGSC	2010-07-29	ILLUMINA	Illumina Genome Analyzer II	PAIRED	RANDOM	WGS	6207
SRR061244	SRS014684	SRP002163	PRJNA48479	SAMN00035902	WUGSC	2010-07-29	ILLUMINA	Illumina Genome Analyzer II	PAIRED	RANDOM	WGS	7300
SRR061249	SRS018739	SRP002163	PRJNA48479	SAMN00039957	WUGSC	2010-07-29	ILLUMINA	Illumina Genome Analyzer II	PAIRED	RANDOM	WGS	6516
SRR061250	SRS018739	SRP002163	PRJNA48479	SAMN00039957	WUGSC	2010-07-29	ILLUMINA	Illumina Genome Analyzer II	PAIRED	RANDOM	WGS	5127
SRR061252	SRS015395	SRP002163	PRJNA48479	SAMN00036613	WUGSC	2010-07-29	ILLUMINA	Illumina Genome Analyzer II	PAIRED	RANDOM	WGS	5874
SRR061254	SRS015369	SRP002163	PRJNA48479	SAMN00036587	WUGSC	2010-07-29	ILLUMINA	Illumina Genome Analyzer II	PAIRED	RANDOM	WGS	5877
SRR061255	SRS015960	SRP002163	PRJNA48479	SAMN00037178	WUGSC	2010-07-29	ILLUMINA	Illumina Genome Analyzer II	PAIRED	RANDOM	WGS	5720
SRR061258	SRS014684	SRP002163	PRJNA48479	SAMN00035902	WUGSC	2010-07-29	ILLUMINA	Illumina Genome Analyzer II	PAIRED	RANDOM	WGS	7246
SRR061276	SRS015797	SRP002163	PRJNA48479	SAMN00037015	WUGSC	2010-07-29	ILLUMINA	Illumina Genome Analyzer II	PAIRED	RANDOM	WGS	6055
SRR061279	SRS042643	SRP002163	PRJNA48479	SAMN00062652	WUGSC	2010-07-29	ILLUMINA	Illumina Genome Analyzer II	PAIRED	RANDOM	WGS	6142
SRR061280	SRS052697	SRP002163	PRJNA48479	SAMN00072706	WUGSC	2010-07-29	ILLUMINA	Illumina Genome Analyzer II	PAIRED	RANDOM	WGS	4980
SRR061281	SRS056622	SRP002163	PRJNA48479	SAMN00076631	WUGSC	2010-07-29	ILLUMINA	Illumina Genome Analyzer II	PAIRED	RANDOM	WGS	5326
SRR061284	SRS052697	SRP002163	PRJNA48479	SAMN00072706	WUGSC	2010-07-29	ILLUMINA	Illumina Genome Analyzer II	PAIRED	RANDOM	WGS	4905
SRR061289	SRS056622	SRP002163	PRJNA48479	SAMN00076631	WUGSC	2010-07-29	ILLUMINA	Illumina Genome Analyzer II	PAIRED	RANDOM	WGS	5146
SRR061292	SRS042643	SRP002163	PRJNA48479	SAMN00062652	WUGSC	2010-07-29	ILLUMINA	Illumina Genome Analyzer II	PAIRED	RANDOM	WGS	5999
SRR061294	SRS063215	SRP002163	PRJNA48479	SAMN00082239	WUGSC	2010-07-29	ILLUMINA	Illumina Genome Analyzer II	PAIRED	RANDOM	WGS	5667
SRR061295	SRS019122	SRP002163	PRJNA48479	SAMN00040340	WUGSC	2010-07-29	ILLUMINA	Illumina Genome Analyzer II	PAIRED	RANDOM	WGS	5816
SRR061300	SRS019122	SRP002163	PRJNA48479	SAMN00040340	WUGSC	2010-07-29	ILLUMINA	Illumina Genome Analyzer II	PAIRED	RANDOM	WGS	5885
SRR061302	SRS063215	SRP002163	PRJNA48479	SAMN00082239	WUGSC	2010-07-29	ILLUMINA	Illumina Genome Analyzer II	PAIRED	RANDOM	WGS	5834
SRR061315	SRS063193	SRP002163	PRJNA48479	SAMN00082217	WUGSC	2010-07-29	ILLUMINA	Illumina Genome Analyzer II	PAIRED	RANDOM	WGS	4408
SRR061318	SRS063193	SRP002163	PRJNA48479	SAMN00082217	WUGSC	2010-07-29	ILLUMINA	Illumina Genome Analyzer II	PAIRED	RANDOM	WGS	4448
SRR061322	SRS015893	SRP002163	PRJNA48479	SAMN00037111	WUGSC	2010-07-29	ILLUMINA	Illumina Genome Analyzer II	PAIRED	RANDOM	WGS	4579
SRR061324	SRS047210	SRP002163	PRJNA48479	SAMN00067219	WUGSC	2010-07-29	ILLUMINA	Illumina Genome Analyzer II	PAIRED	RANDOM	WGS	5455
SRR061326	SRS014923	SRP002163	PRJNA48479	SAMN00036141	WUGSC	2010-07-29	ILLUMINA	Illumina Genome Analyzer II	PAIRED	RANDOM	WGS	6209
SRR061327	SRS044486	SRP002163	PRJNA48479	SAMN00064495	WUGSC	2010-07-29	ILLUMINA	Illumina Genome Analyzer II	PAIRED	RANDOM	WGS	5815
SRR061330	SRS048164	SRP002163	PRJNA48479	SAMN10657922	WUGSC	2010-07-29	ILLUMINA	Illumina Genome Analyzer II	PAIRED	RANDOM	WGS	4982
SRR061331	SRS015217	SRP002163	PRJNA48479	SAMN00036435	WUGSC	2010-07-29	ILLUMINA	Illumina Genome Analyzer II	PAIRED	RANDOM	WGS	5719
SRR061334	SRS015217	SRP002163	PRJNA48479	SAMN00036435	WUGSC	2010-07-29	ILLUMINA	Illumina Genome Analyzer II	PAIRED	RANDOM	WGS	5719
SRR061339	SRS015893	SRP002163	PRJNA48479	SAMN00037111	WUGSC	2010-07-29	ILLUMINA	Illumina Genome Analyzer II	PAIRED	RANDOM	WGS	4563
SRR061341	SRS019022	SRP002163	PRJNA48479	SAMN00040240	WUGSC	2010-07-29	ILLUMINA	Illumina Genome Analyzer II	PAIRED	RANDOM	WGS	4868
SRR061342	SRS058336	SRP002163	PRJNA48479	SAMN00078345	WUGSC	2010-07-29	ILLUMINA	Illumina Genome Analyzer II	PAIRED	RANDOM	WGS	4997
SRR061343	SRS048164	SRP002163	PRJNA48479	SAMN10657922	WUGSC	2010-07-29	ILLUMINA	Illumina Genome Analyzer II	PAIRED	RANDOM	WGS	4979
SRR061352	SRS058336	SRP002163	PRJNA48479	SAMN00078345	WUGSC	2010-07-29	ILLUMINA	Illumina Genome Analyzer II	PAIRED	RANDOM	WGS	5178
SRR061353	SRS019022	SRP002163	PRJNA48479	SAMN00040240	WUGSC	2010-07-29	ILLUMINA	Illumina Genome Analyzer II	PAIRED	RANDOM	WGS	4903
SRR061359	SRS047210	SRP002163	PRJNA48479	SAMN00067219	WUGSC	2010-07-29	ILLUMINA	Illumina Genome Analyzer II	PAIRED	RANDOM	WGS	5594
SRR061368	SRS014923	SRP002163	PRJNA48479	SAMN00036141	WUGSC	2010-07-30	ILLUMINA	Illumina Genome Analyzer II	PAIRED	RANDOM	WGS	6215
SRR061377	SRS044486	SRP002163	PRJNA48479	SAMN00064495	WUGSC	2010-07-29	ILLUMINA	Illumina Genome Analyzer II	PAIRED	RANDOM	WGS	5795
SRR061399	SRS057791	SRP002163	PRJNA48479	SAMN00077800	WUGSC	2010-07-30	ILLUMINA	Illumina Genome Analyzer II	PAIRED	RANDOM	WGS	5410
SRR061417	SRS057791	SRP002163	PRJNA48479	SAMN00077800	WUGSC	2010-07-29	ILLUMINA	Illumina Genome Analyzer II	PAIRED	RANDOM	WGS	5423
SRR061431	SRS053603	SRP002163	PRJNA48479	SAMN00073612	WUGSC	2010-08-13	ILLUMINA	Illumina Genome Analyzer II	PAIRED	RANDOM	WGS	4523
SRR061432	SRS047044	SRP002163	PRJNA48479	SAMN00067053	WUGSC	2010-08-13	ILLUMINA	Illumina Genome Analyzer II	PAIRED	RANDOM	WGS	5018
SRR061433	SRS051791	SRP002163	PRJNA48479	SAMN00071800	WUGSC	2010-08-13	ILLUMINA	Illumina Genome Analyzer II	PAIRED	RANDOM	WGS	5410
SRR061434	SRS051791	SRP002163	PRJNA48479	SAMN00071800	WUGSC	2010-08-13	ILLUMINA	Illumina Genome Analyzer II	PAIRED	RANDOM	WGS	5310
SRR061435	SRS015272	SRP002163	PRJNA48479	SAMN00036490	WUGSC	2010-08-13	ILLUMINA	Illumina Genome Analyzer II	PAIRED	RANDOM	WGS	5487
SRR061438	SRS047044	SRP002163	PRJNA48479	SAMN00067053	WUGSC	2010-08-13	ILLUMINA	Illumina Genome Analyzer II	PAIRED	RANDOM	WGS	4896
SRR061439	SRS053603	SRP002163	PRJNA48479	SAMN00073612	WUGSC	2010-08-13	ILLUMINA	Illumina Genome Analyzer II	PAIRED	RANDOM	WGS	4607
SRR061440	SRS064423	SRP002163	PRJNA48479	SAMN00083447	WUGSC	2010-08-13	ILLUMINA	Illumina Genome Analyzer II	PAIRED	RANDOM	WGS	5218
SRR061441	SRS015537	SRP002163	PRJNA48479	SAMN00036755	WUGSC	2010-08-13	ILLUMINA	Illumina Genome Analyzer II	PAIRED	RANDOM	WGS	5589
SRR061442	SRS050925	SRP002163	PRJNA48479	SAMN00070934	WUGSC	2010-08-17	ILLUMINA	Illumina Genome Analyzer II	PAIRED	RANDOM	WGS	5242
SRR061443	SRS050925	SRP002163	PRJNA48479	SAMN00070934	WUGSC	2010-08-13	ILLUMINA	Illumina Genome Analyzer II	PAIRED	RANDOM	WGS	5257
SRR061445	SRS042910	SRP002163	PRJNA48479	SAMN00062919	WUGSC	2010-08-17	ILLUMINA	Illumina Genome Analyzer II	PAIRED	RANDOM	WGS	5865
SRR061446	SRS019219	SRP002163	PRJNA48479	SAMN00040437	WUGSC	2010-08-13	ILLUMINA	Illumina Genome Analyzer II	PAIRED	RANDOM	WGS	5778
SRR061447	SRS042910	SRP002163	PRJNA48479	SAMN00062919	WUGSC	2010-08-13	ILLUMINA	Illumina Genome Analyzer II	PAIRED	RANDOM	WGS	5919
SRR061448	SRS014124	SRP002163	PRJNA48479	SAMN00035342	WUGSC	2010-09-22	ILLUMINA	Illumina Genome Analyzer II	PAIRED	RANDOM	WGS	5979
SRR061449	SRS014124	SRP002163	PRJNA48479	SAMN00035342	WUGSC	2010-08-13	ILLUMINA	Illumina Genome Analyzer II	PAIRED	RANDOM	WGS	5937
SRR061450	SRS015272	SRP002163	PRJNA48479	SAMN00036490	WUGSC	2010-08-13	ILLUMINA	Illumina Genome Analyzer II	PAIRED	RANDOM	WGS	5567
SRR061451	SRS015537	SRP002163	PRJNA48479	SAMN00036755	WUGSC	2010-08-13	ILLUMINA	Illumina Genome Analyzer II	PAIRED	RANDOM	WGS	5387
SRR061456	SRS019397	SRP002163	PRJNA48479	SAMN00040615	WUGSC	2010-08-13	ILLUMINA	Illumina Genome Analyzer II	PAIRED	RANDOM	WGS	5871
SRR061457	SRS064423	SRP002163	PRJNA48479	SAMN00083447	WUGSC	2010-08-13	ILLUMINA	Illumina Genome Analyzer II	PAIRED	RANDOM	WGS	5227
SRR061458	SRS019219	SRP002163	PRJNA48479	SAMN00040437	WUGSC	2010-08-13	ILLUMINA	Illumina Genome Analyzer II	PAIRED	RANDOM	WGS	5829
SRR061459	SRS019397	SRP002163	PRJNA48479	SAMN00040615	WUGSC	2010-08-13	ILLUMINA	Illumina Genome Analyzer II	PAIRED	RANDOM	WGS	6097
SRR061484	SRS050422	SRP002163	PRJNA48479	SAMN00070431	WUGSC	2010-08-13	ILLUMINA	Illumina Genome Analyzer II	PAIRED	RANDOM	WGS	5115
SRR061485	SRS062540	SRP002163	PRJNA48479	SAMN00081564	WUGSC	2010-08-13	ILLUMINA	Illumina Genome Analyzer II	PAIRED	RANDOM	WGS	5002
SRR061486	SRS050422	SRP002163	PRJNA48479	SAMN00070431	WUGSC	2010-08-17	ILLUMINA	Illumina Genome Analyzer II	PAIRED	RANDOM	WGS	5109
SRR061487	SRS053854	SRP002163	PRJNA48479	SAMN00073863	WUGSC	2010-08-13	ILLUMINA	Illumina Genome Analyzer II	PAIRED	RANDOM	WGS	5764
SRR061488	SRS062540	SRP002163	PRJNA48479	SAMN00081564	WUGSC	2010-08-17	ILLUMINA	Illumina Genome Analyzer II	PAIRED	RANDOM	WGS	4981
SRR061490	SRS047824	SRP002163	PRJNA48479	SAMN00067833	WUGSC	2010-08-13	ILLUMINA	Illumina Genome Analyzer II	PAIRED	RANDOM	WGS	5962
SRR061492	SRS047824	SRP002163	PRJNA48479	SAMN00067833	WUGSC	2010-08-13	ILLUMINA	Illumina Genome Analyzer II	PAIRED	RANDOM	WGS	5969
SRR061493	SRS053854	SRP002163	PRJNA48479	SAMN00073863	WUGSC	2010-08-13	ILLUMINA	Illumina Genome Analyzer II	PAIRED	RANDOM	WGS	5785
SRR061494	SRS016267	SRP002163	PRJNA48479	SAMN00037485	WUGSC	2010-08-13	ILLUMINA	Illumina Genome Analyzer II	PAIRED	RANDOM	WGS	5860
SRR061495	SRS016267	SRP002163	PRJNA48479	SAMN00037485	WUGSC	2010-08-13	ILLUMINA	Illumina Genome Analyzer II	PAIRED	RANDOM	WGS	5862
SRR061496	SRS015854	SRP002163	PRJNA48479	SAMN00037072	WUGSC	2010-08-13	ILLUMINA	Illumina Genome Analyzer II	PAIRED	RANDOM	WGS	5872
SRR061497	SRS015854	SRP002163	PRJNA48479	SAMN00037072	WUGSC	2010-08-13	ILLUMINA	Illumina Genome Analyzer II	PAIRED	RANDOM	WGS	5840
SRR061498	SRS064774	SRP002163	PRJNA48479	SAMN00083798	WUGSC	2010-08-13	ILLUMINA	Illumina Genome Analyzer II	PAIRED	RANDOM	WGS	5584
SRR061499	SRS019685	SRP002163	PRJNA48479	SAMN10657923	WUGSC	2010-08-13	ILLUMINA	Illumina Genome Analyzer II	PAIRED	RANDOM	WGS	6398
SRR061500	SRS064774	SRP002163	PRJNA48479	SAMN00083798	WUGSC	2010-08-13	ILLUMINA	Illumina Genome Analyzer II	PAIRED	RANDOM	WGS	5560
SRR061501	SRS057205	SRP002163	PRJNA48479	SAMN00077214	WUGSC	2010-08-13	ILLUMINA	Illumina Genome Analyzer II	PAIRED	RANDOM	WGS	5718
SRR061502	SRS057205	SRP002163	PRJNA48479	SAMN00077214	WUGSC	2010-08-13	ILLUMINA	Illumina Genome Analyzer II	PAIRED	RANDOM	WGS	5712
SRR061503	SRS019787	SRP002163	PRJNA48479	SAMN00041005	WUGSC	2010-08-13	ILLUMINA	Illumina Genome Analyzer II	PAIRED	RANDOM	WGS	6149
SRR061505	SRS019787	SRP002163	PRJNA48479	SAMN00041005	WUGSC	2010-08-13	ILLUMINA	Illumina Genome Analyzer II	PAIRED	RANDOM	WGS	6158
SRR061507	SRS019685	SRP002163	PRJNA48479	SAMN10657923	WUGSC	2010-08-13	ILLUMINA	Illumina Genome Analyzer II	PAIRED	RANDOM	WGS	6442
SRR061508	SRS018656	SRP002163	PRJNA48479	SAMN00039874	WUGSC	2010-08-13	ILLUMINA	Illumina Genome Analyzer II	PAIRED	RANDOM	WGS	2760
SRR061509	SRS015941	SRP002163	PRJNA48479	SAMN00037159	WUGSC	2010-08-13	ILLUMINA	Illumina Genome Analyzer II	PAIRED	RANDOM	WGS	5761
SRR061510	SRS018656	SRP002163	PRJNA48479	SAMN00039874	WUGSC	2010-08-13	ILLUMINA	Illumina Genome Analyzer II	PAIRED	RANDOM	WGS	2742
SRR061514	SRS015941	SRP002163	PRJNA48479	SAMN00037159	WUGSC	2010-08-17	ILLUMINA	Illumina Genome Analyzer II	PAIRED	RANDOM	WGS	5745
SRR061515	SRS016037	SRP002163	PRJNA48479	SAMN00037255	WUGSC	2010-08-17	ILLUMINA	Illumina Genome Analyzer II	PAIRED	RANDOM	WGS	5901
SRR061516	SRS016037	SRP002163	PRJNA48479	SAMN00037255	WUGSC	2010-08-13	ILLUMINA	Illumina Genome Analyzer II	PAIRED	RANDOM	WGS	5936
SRR061540	SRS016086	SRP002163	PRJNA48479	SAMN00037304	WUGSC	2010-08-13	ILLUMINA	Illumina Genome Analyzer II	PAIRED	RANDOM	WGS	4250
SRR061545	SRS016086	SRP002163	PRJNA48479	SAMN00037304	WUGSC	2010-08-14	ILLUMINA	Illumina Genome Analyzer II	PAIRED	RANDOM	WGS	4287
SRR061548	SRS015209	SRP002163	PRJNA48479	SAMN00036427	WUGSC	2010-08-14	ILLUMINA	Illumina Genome Analyzer II	PAIRED	RANDOM	WGS	6965
SRR061550	SRS015209	SRP002163	PRJNA48479	SAMN00036427	WUGSC	2010-08-14	ILLUMINA	Illumina Genome Analyzer II	PAIRED	RANDOM	WGS	6916
SRR061553	SRS044373	SRP002163	PRJNA48479	SAMN00064382	WUGSC	2010-08-17	ILLUMINA	Illumina Genome Analyzer II	PAIRED	RANDOM	WGS	5929
SRR061554	SRS044373	SRP002163	PRJNA48479	SAMN00064382	WUGSC	2010-08-14	ILLUMINA	Illumina Genome Analyzer II	PAIRED	RANDOM	WGS	5888
SRR061555	SRS043001	SRP002163	PRJNA48479	SAMN00063010	WUGSC	2010-08-17	ILLUMINA	Illumina Genome Analyzer II	PAIRED	RANDOM	WGS	6858
SRR061556	SRS043001	SRP002163	PRJNA48479	SAMN00063010	WUGSC	2010-08-14	ILLUMINA	Illumina Genome Analyzer II	PAIRED	RANDOM	WGS	6856
SRR061557	SRS014235	SRP002163	PRJNA48479	SAMN10657924	WUGSC	2010-08-14	ILLUMINA	Illumina Genome Analyzer II	PAIRED	RANDOM	WGS	5482
SRR061558	SRS014235	SRP002163	PRJNA48479	SAMN10657924	WUGSC	2010-08-14	ILLUMINA	Illumina Genome Analyzer II	PAIRED	RANDOM	WGS	5529
SRR061568	SRS018575	SRP002163	PRJNA48479	SAMN00039793	WUGSC	2010-08-13	ILLUMINA	Illumina Genome Analyzer II	PAIRED	RANDOM	WGS	5146
SRR061569	SRS018575	SRP002163	PRJNA48479	SAMN00039793	WUGSC	2010-08-13	ILLUMINA	Illumina Genome Analyzer II	PAIRED	RANDOM	WGS	5156
SRR061570	SRS054956	SRP002163	PRJNA48479	SAMN00074965	WUGSC	2010-08-17	ILLUMINA	Illumina Genome Analyzer II	PAIRED	RANDOM	WGS	5300
SRR061572	SRS045713	SRP002163	PRJNA48479	SAMN10657925	WUGSC	2010-08-17	ILLUMINA	Illumina Genome Analyzer II	PAIRED	RANDOM	WGS	6494
SRR061573	SRS057539	SRP002163	PRJNA48479	SAMN00077548	WUGSC	2010-08-14	ILLUMINA	Illumina Genome Analyzer II	PAIRED	RANDOM	WGS	6160
SRR061574	SRS054956	SRP002163	PRJNA48479	SAMN00074965	WUGSC	2010-08-14	ILLUMINA	Illumina Genome Analyzer II	PAIRED	RANDOM	WGS	5349
SRR061575	SRS050244	SRP002163	PRJNA48479	SAMN00070253	WUGSC	2010-08-17	ILLUMINA	Illumina Genome Analyzer II	PAIRED	RANDOM	WGS	6708
SRR061581	SRS053398	SRP002163	PRJNA48479	SAMN10657926	WUGSC	2010-08-14	ILLUMINA	Illumina Genome Analyzer II	PAIRED	RANDOM	WGS	5703
SRR061583	SRS045713	SRP002163	PRJNA48479	SAMN10657925	WUGSC	2010-08-14	ILLUMINA	Illumina Genome Analyzer II	PAIRED	RANDOM	WGS	6500
SRR061584	SRS050244	SRP002163	PRJNA48479	SAMN00070253	WUGSC	2010-08-14	ILLUMINA	Illumina Genome Analyzer II	PAIRED	RANDOM	WGS	6630
SRR061585	SRS048411	SRP002163	PRJNA48479	SAMN00068420	WUGSC	2010-08-14	ILLUMINA	Illumina Genome Analyzer II	PAIRED	RANDOM	WGS	6512
SRR061586	SRS053398	SRP002163	PRJNA48479	SAMN10657926	WUGSC	2010-08-14	ILLUMINA	Illumina Genome Analyzer II	PAIRED	RANDOM	WGS	5828
SRR061587	SRS054687	SRP002163	PRJNA48479	SAMN00074696	WUGSC	2010-08-14	ILLUMINA	Illumina Genome Analyzer II	PAIRED	RANDOM	WGS	5957
SRR061588	SRS054687	SRP002163	PRJNA48479	SAMN00074696	WUGSC	2010-08-14	ILLUMINA	Illumina Genome Analyzer II	PAIRED	RANDOM	WGS	6065
SRR061589	SRS057539	SRP002163	PRJNA48479	SAMN00077548	WUGSC	2010-08-17	ILLUMINA	Illumina Genome Analyzer II	PAIRED	RANDOM	WGS	6178
SRR061590	SRS048411	SRP002163	PRJNA48479	SAMN00068420	WUGSC	2010-08-14	ILLUMINA	Illumina Genome Analyzer II	PAIRED	RANDOM	WGS	6570
SRR061689	SRS024075	SRP002163	PRJNA48479	SAMN00045293	BCM	2010-08-11	ILLUMINA	Illumina Genome Analyzer II	PAIRED	RANDOM	WGS	4231
SRR061690	SRS024075	SRP002163	PRJNA48479	SAMN00045293	BCM	2010-08-11	ILLUMINA	Illumina Genome Analyzer II	PAIRED	RANDOM	WGS	4345
SRR061691	SRS024075	SRP002163	PRJNA48479	SAMN00045293	BCM	2010-08-11	ILLUMINA	Illumina Genome Analyzer II	PAIRED	RANDOM	WGS	6058
SRR061692	SRS016501	SRP002163	PRJNA48479	SAMN00037719	BCM	2010-08-11	ILLUMINA	Illumina Genome Analyzer II	PAIRED	RANDOM	WGS	5997
SRR061693	SRS016501	SRP002163	PRJNA48479	SAMN00037719	BCM	2010-08-11	ILLUMINA	Illumina Genome Analyzer II	PAIRED	RANDOM	WGS	6367
SRR061694	SRS077736	SRP002163	PRJNA48479	SAMN00087903	BCM	2010-08-11	ILLUMINA	Illumina Genome Analyzer II	PAIRED	RANDOM	WGS	4844
SRR061695	SRS077736	SRP002163	PRJNA48479	SAMN00087903	BCM	2010-08-11	ILLUMINA	Illumina Genome Analyzer II	PAIRED	RANDOM	WGS	4897
SRR061696	SRS077736	SRP002163	PRJNA48479	SAMN00087903	BCM	2010-08-30	ILLUMINA	Illumina Genome Analyzer II	PAIRED	RANDOM	WGS	4479
SRR061730	SRS055982	SRP002163	PRJNA48479	SAMN10657927	BCM	2010-08-07	LS454	454 GS FLX Titanium	SINGLE	RANDOM	WGS	818
SRR061731	SRS055982	SRP002163	PRJNA48479	SAMN10657927	BCM	2010-08-07	LS454	454 GS FLX Titanium	SINGLE	RANDOM	WGS	701
SRR061919	SRS016954	SRP002163	PRJNA48479	SAMN00038172	BI	2010-08-09	ILLUMINA	Illumina Genome Analyzer II	PAIRED	RANDOM	WGS	7571
SRR061920	SRS016954	SRP002163	PRJNA48479	SAMN00038172	BI	2010-08-09	ILLUMINA	Illumina Genome Analyzer II	PAIRED	RANDOM	WGS	7657
SRR061929	SRS024625	SRP002163	PRJNA48479	SAMN00045843	BI	2010-08-09	ILLUMINA	Illumina Genome Analyzer II	PAIRED	RANDOM	WGS	6768
SRR061930	SRS024625	SRP002163	PRJNA48479	SAMN00045843	BI	2010-08-09	ILLUMINA	Illumina Genome Analyzer II	PAIRED	RANDOM	WGS	6959
SRR061937	SRS017713	SRP002163	PRJNA48479	SAMN00038931	BI	2010-08-09	ILLUMINA	Illumina Genome Analyzer II	PAIRED	RANDOM	WGS	6873
SRR061938	SRS017713	SRP002163	PRJNA48479	SAMN00038931	BI	2010-08-09	ILLUMINA	Illumina Genome Analyzer II	PAIRED	RANDOM	WGS	6924
SRR061939	SRS013234	SRP002163	PRJNA48479	SAMN00034452	BI	2010-08-09	ILLUMINA	Illumina Genome Analyzer II	PAIRED	RANDOM	WGS	7155
SRR061940	SRS013234	SRP002163	PRJNA48479	SAMN00034452	BI	2010-08-09	ILLUMINA	Illumina Genome Analyzer II	PAIRED	RANDOM	WGS	7347
SRR061953	SRS013502	SRP002163	PRJNA48479	SAMN00034720	BI	2010-08-09	ILLUMINA	Illumina Genome Analyzer II	PAIRED	RANDOM	WGS	7371
SRR061954	SRS013502	SRP002163	PRJNA48479	SAMN00034720	BI	2010-08-09	ILLUMINA	Illumina Genome Analyzer II	PAIRED	RANDOM	WGS	7448
SRR061955	SRS023557	SRP002163	PRJNA48479	SAMN00044775	BI	2010-08-09	ILLUMINA	Illumina Genome Analyzer II	PAIRED	RANDOM	WGS	7384
SRR061956	SRS023557	SRP002163	PRJNA48479	SAMN00044775	BI	2010-08-09	ILLUMINA	Illumina Genome Analyzer II	PAIRED	RANDOM	WGS	7461
SRR061973	SRS018133	SRP002163	PRJNA48479	SAMN10657930	BI	2010-08-09	ILLUMINA	Illumina Genome Analyzer II	PAIRED	RANDOM	WGS	6970
SRR061974	SRS018133	SRP002163	PRJNA48479	SAMN10657930	BI	2010-08-09	ILLUMINA	Illumina Genome Analyzer II	PAIRED	RANDOM	WGS	7364
SRR061983	SRS017533	SRP002163	PRJNA48479	SAMN00038751	BI	2010-08-09	ILLUMINA	Illumina Genome Analyzer II	PAIRED	RANDOM	WGS	7131
SRR061984	SRS017533	SRP002163	PRJNA48479	SAMN00038751	BI	2010-08-09	ILLUMINA	Illumina Genome Analyzer II	PAIRED	RANDOM	WGS	6987
SRR061997	SRS024580	SRP002163	PRJNA48479	SAMN00045798	BI	2010-08-09	ILLUMINA	Illumina Genome Analyzer II	PAIRED	RANDOM	WGS	7660
SRR061998	SRS024580	SRP002163	PRJNA48479	SAMN00045798	BI	2010-08-09	ILLUMINA	Illumina Genome Analyzer II	PAIRED	RANDOM	WGS	7727
SRR062003	SRS016529	SRP002163	PRJNA48479	SAMN00037747	BI	2010-08-09	ILLUMINA	Illumina Genome Analyzer II	PAIRED	RANDOM	WGS	7710
SRR062004	SRS016529	SRP002163	PRJNA48479	SAMN00037747	BI	2010-08-09	ILLUMINA	Illumina Genome Analyzer II	PAIRED	RANDOM	WGS	7911
SRR062047	SRS017209	SRP002163	PRJNA48479	SAMN00038427	BI	2010-08-09	ILLUMINA	Illumina Genome Analyzer II	PAIRED	RANDOM	WGS	6177
SRR062048	SRS017209	SRP002163	PRJNA48479	SAMN00038427	BI	2010-08-09	ILLUMINA	Illumina Genome Analyzer II	PAIRED	RANDOM	WGS	6162
SRR062053	SRS011140	SRP002163	PRJNA48479	SAMN00032577	BI	2010-08-09	ILLUMINA	Illumina Genome Analyzer II	PAIRED	RANDOM	WGS	6459
SRR062054	SRS011140	SRP002163	PRJNA48479	SAMN00032577	BI	2010-08-09	ILLUMINA	Illumina Genome Analyzer II	PAIRED	RANDOM	WGS	6347
SRR062064	SRS017533	SRP002163	PRJNA48479	SAMN00038751	BI	2010-08-09	ILLUMINA	Illumina Genome Analyzer II	PAIRED	RANDOM	WGS	4924
SRR062065	SRS017533	SRP002163	PRJNA48479	SAMN00038751	BI	2010-08-09	ILLUMINA	Illumina Genome Analyzer II	PAIRED	RANDOM	WGS	5020
SRR062070	SRS023617	SRP002163	PRJNA48479	SAMN00044835	BI	2010-08-09	ILLUMINA	Illumina Genome Analyzer II	PAIRED	RANDOM	WGS	5161
SRR062071	SRS023617	SRP002163	PRJNA48479	SAMN00044835	BI	2010-08-09	ILLUMINA	Illumina Genome Analyzer II	PAIRED	RANDOM	WGS	5148
SRR062281	SRS019327	SRP002163	PRJNA48479	SAMN00040545	WUGSC	2010-08-14	ILLUMINA	Illumina Genome Analyzer II	PAIRED	RANDOM	WGS	5866
SRR062282	SRS015057	SRP002163	PRJNA48479	SAMN00036275	WUGSC	2010-08-14	ILLUMINA	Illumina Genome Analyzer II	PAIRED	RANDOM	WGS	7142
SRR062283	SRS015057	SRP002163	PRJNA48479	SAMN00036275	WUGSC	2010-08-17	ILLUMINA	Illumina Genome Analyzer II	PAIRED	RANDOM	WGS	7169
SRR062298	SRS019029	SRP002163	PRJNA48479	SAMN00040247	WUGSC	2010-08-14	ILLUMINA	Illumina Genome Analyzer II	PAIRED	RANDOM	WGS	6067
SRR062299	SRS013950	SRP002163	PRJNA48479	SAMN00035168	WUGSC	2010-08-14	ILLUMINA	Illumina Genome Analyzer II	PAIRED	RANDOM	WGS	5912
SRR062302	SRS019029	SRP002163	PRJNA48479	SAMN00040247	WUGSC	2010-08-14	ILLUMINA	Illumina Genome Analyzer II	PAIRED	RANDOM	WGS	6057
SRR062303	SRS013950	SRP002163	PRJNA48479	SAMN00035168	WUGSC	2010-08-14	ILLUMINA	Illumina Genome Analyzer II	PAIRED	RANDOM	WGS	5651
SRR062305	SRS019327	SRP002163	PRJNA48479	SAMN00040545	WUGSC	2010-08-14	ILLUMINA	Illumina Genome Analyzer II	PAIRED	RANDOM	WGS	5930
SRR062306	SRS014470	SRP002163	PRJNA48479	SAMN00035688	WUGSC	2010-08-17	ILLUMINA	Illumina Genome Analyzer II	PAIRED	RANDOM	WGS	5904
SRR062308	SRS014470	SRP002163	PRJNA48479	SAMN00035688	WUGSC	2010-08-17	ILLUMINA	Illumina Genome Analyzer II	PAIRED	RANDOM	WGS	5884
SRR062309	SRS015644	SRP002163	PRJNA48479	SAMN00036862	WUGSC	2010-08-14	ILLUMINA	Illumina Genome Analyzer II	PAIRED	RANDOM	WGS	4984
SRR062310	SRS042131	SRP002163	PRJNA48479	SAMN00062140	WUGSC	2010-08-14	ILLUMINA	Illumina Genome Analyzer II	PAIRED	RANDOM	WGS	5280
SRR062313	SRS015644	SRP002163	PRJNA48479	SAMN00036862	WUGSC	2010-08-14	ILLUMINA	Illumina Genome Analyzer II	PAIRED	RANDOM	WGS	5024
SRR062316	SRS042131	SRP002163	PRJNA48479	SAMN00062140	WUGSC	2010-08-14	ILLUMINA	Illumina Genome Analyzer II	PAIRED	RANDOM	WGS	5302
SRR062320	SRS015065	SRP002163	PRJNA48479	SAMN00036283	WUGSC	2010-07-29	ILLUMINA	Illumina Genome Analyzer II	PAIRED	RANDOM	WGS	4286
SRR062321	SRS014459	SRP002163	PRJNA48479	SAMN00035677	WUGSC	2010-07-29	ILLUMINA	Illumina Genome Analyzer II	PAIRED	RANDOM	WGS	3511
SRR062322	SRS019030	SRP002163	PRJNA48479	SAMN10657934	WUGSC	2010-07-29	ILLUMINA	Illumina Genome Analyzer II	PAIRED	RANDOM	WGS	3896
SRR062323	SRS013951	SRP002163	PRJNA48479	SAMN00035169	WUGSC	2010-07-30	ILLUMINA	Illumina Genome Analyzer II	PAIRED	RANDOM	WGS	4147
SRR062324	SRS019161	SRP002163	PRJNA48479	SAMN00040379	WUGSC	2010-07-29	ILLUMINA	Illumina Genome Analyzer II	PAIRED	RANDOM	WGS	4349
SRR062328	SRS057355	SRP002163	PRJNA48479	SAMN00077364	WUGSC	2010-08-24	ILLUMINA	Illumina Genome Analyzer II	PAIRED	RANDOM	WGS	6346
SRR062329	SRS057355	SRP002163	PRJNA48479	SAMN00077364	WUGSC	2010-08-24	ILLUMINA	Illumina Genome Analyzer II	PAIRED	RANDOM	WGS	6328
SRR062339	SRS013950	SRP002163	PRJNA48479	SAMN00035168	WUGSC	2010-08-24	ILLUMINA	Illumina Genome Analyzer II	PAIRED	RANDOM	WGS	5994
SRR062343	SRS013950	SRP002163	PRJNA48479	SAMN00035168	WUGSC	2010-08-24	ILLUMINA	Illumina Genome Analyzer II	PAIRED	RANDOM	WGS	5940
SRR062346	SRS019894	SRP002163	PRJNA48479	SAMN00041112	WUGSC	2010-08-24	ILLUMINA	Illumina Genome Analyzer II	PAIRED	RANDOM	WGS	5820
SRR062347	SRS062544	SRP002163	PRJNA48479	SAMN00081568	WUGSC	2010-08-24	ILLUMINA	Illumina Genome Analyzer II	PAIRED	RANDOM	WGS	6662
SRR062348	SRS051882	SRP002163	PRJNA48479	SAMN00071891	WUGSC	2010-08-24	ILLUMINA	Illumina Genome Analyzer II	PAIRED	RANDOM	WGS	5618
SRR062349	SRS014573	SRP002163	PRJNA48479	SAMN00035791	WUGSC	2010-08-24	ILLUMINA	Illumina Genome Analyzer II	PAIRED	RANDOM	WGS	5346
SRR062350	SRS018817	SRP002163	PRJNA48479	SAMN00040035	WUGSC	2010-08-24	ILLUMINA	Illumina Genome Analyzer II	PAIRED	RANDOM	WGS	6494
SRR062351	SRS014477	SRP002163	PRJNA48479	SAMN00035695	WUGSC	2010-08-24	ILLUMINA	Illumina Genome Analyzer II	PAIRED	RANDOM	WGS	5964
SRR062355	SRS018817	SRP002163	PRJNA48479	SAMN00040035	WUGSC	2010-08-24	ILLUMINA	Illumina Genome Analyzer II	PAIRED	RANDOM	WGS	6457
SRR062360	SRS014573	SRP002163	PRJNA48479	SAMN00035791	WUGSC	2010-08-24	ILLUMINA	Illumina Genome Analyzer II	PAIRED	RANDOM	WGS	5331
SRR062374	SRS019045	SRP002163	PRJNA48479	SAMN00040263	WUGSC	2010-08-24	ILLUMINA	Illumina Genome Analyzer II	PAIRED	RANDOM	WGS	5484
SRR062375	SRS019582	SRP002163	PRJNA48479	SAMN00040800	WUGSC	2010-08-24	ILLUMINA	Illumina Genome Analyzer II	PAIRED	RANDOM	WGS	4768
SRR062376	SRS048870	SRP002163	PRJNA48479	SAMN00068879	WUGSC	2010-08-24	ILLUMINA	Illumina Genome Analyzer II	PAIRED	RANDOM	WGS	5765
SRR062377	SRS019389	SRP002163	PRJNA48479	SAMN00040607	WUGSC	2010-08-24	ILLUMINA	Illumina Genome Analyzer II	PAIRED	RANDOM	WGS	3069
SRR062378	SRS019389	SRP002163	PRJNA48479	SAMN00040607	WUGSC	2010-08-24	ILLUMINA	Illumina Genome Analyzer II	PAIRED	RANDOM	WGS	3070
SRR062380	SRS047219	SRP002163	PRJNA48479	SAMN00067228	WUGSC	2010-08-24	ILLUMINA	Illumina Genome Analyzer II	PAIRED	RANDOM	WGS	5577
SRR062382	SRS051882	SRP002163	PRJNA48479	SAMN00071891	WUGSC	2010-08-25	ILLUMINA	Illumina Genome Analyzer II	PAIRED	RANDOM	WGS	5495
SRR062383	SRS019045	SRP002163	PRJNA48479	SAMN00040263	WUGSC	2010-08-24	ILLUMINA	Illumina Genome Analyzer II	PAIRED	RANDOM	WGS	5468
SRR062385	SRS019894	SRP002163	PRJNA48479	SAMN00041112	WUGSC	2010-08-25	ILLUMINA	Illumina Genome Analyzer II	PAIRED	RANDOM	WGS	5795
SRR062386	SRS014287	SRP002163	PRJNA48479	SAMN00035505	WUGSC	2010-08-24	ILLUMINA	Illumina Genome Analyzer II	PAIRED	RANDOM	WGS	4773
SRR062388	SRS014287	SRP002163	PRJNA48479	SAMN00035505	WUGSC	2010-08-24	ILLUMINA	Illumina Genome Analyzer II	PAIRED	RANDOM	WGS	4796
SRR062395	SRS062427	SRP002163	PRJNA48479	SAMN00081451	WUGSC	2010-08-24	ILLUMINA	Illumina Genome Analyzer II	PAIRED	RANDOM	WGS	6239
SRR062398	SRS062544	SRP002163	PRJNA48479	SAMN00081568	WUGSC	2010-08-24	ILLUMINA	Illumina Genome Analyzer II	PAIRED	RANDOM	WGS	6691
SRR062403	SRS014477	SRP002163	PRJNA48479	SAMN00035695	WUGSC	2010-08-24	ILLUMINA	Illumina Genome Analyzer II	PAIRED	RANDOM	WGS	5878
SRR062404	SRS019910	SRP002163	PRJNA48479	SAMN00041128	WUGSC	2010-08-24	ILLUMINA	Illumina Genome Analyzer II	PAIRED	RANDOM	WGS	4779
SRR062406	SRS050299	SRP002163	PRJNA48479	SAMN00070308	WUGSC	2010-08-24	ILLUMINA	Illumina Genome Analyzer II	PAIRED	RANDOM	WGS	5613
SRR062407	SRS050299	SRP002163	PRJNA48479	SAMN00070308	WUGSC	2010-08-24	ILLUMINA	Illumina Genome Analyzer II	PAIRED	RANDOM	WGS	5619
SRR062417	SRS064557	SRP002163	PRJNA48479	SAMN00083581	WUGSC	2010-08-25	ILLUMINA	Illumina Genome Analyzer II	PAIRED	RANDOM	WGS	6658
SRR062418	SRS064557	SRP002163	PRJNA48479	SAMN00083581	WUGSC	2010-08-24	ILLUMINA	Illumina Genome Analyzer II	PAIRED	RANDOM	WGS	6720
SRR062419	SRS014271	SRP002163	PRJNA48479	SAMN00035489	WUGSC	2010-08-25	ILLUMINA	Illumina Genome Analyzer II	PAIRED	RANDOM	WGS	5431
SRR062421	SRS014107	SRP002163	PRJNA48479	SAMN00035325	WUGSC	2010-08-24	ILLUMINA	Illumina Genome Analyzer II	PAIRED	RANDOM	WGS	4941
SRR062423	SRS062427	SRP002163	PRJNA48479	SAMN00081451	WUGSC	2010-08-24	ILLUMINA	Illumina Genome Analyzer II	PAIRED	RANDOM	WGS	6222
SRR062424	SRS014107	SRP002163	PRJNA48479	SAMN00035325	WUGSC	2010-08-24	ILLUMINA	Illumina Genome Analyzer II	PAIRED	RANDOM	WGS	4951
SRR062426	SRS011452	SRP002163	PRJNA48479	SAMN10658394	WUGSC	2010-08-24	ILLUMINA	Illumina Genome Analyzer II	PAIRED	RANDOM	WGS	2955
SRR062427	SRS048870	SRP002163	PRJNA48479	SAMN00068879	WUGSC	2010-08-24	ILLUMINA	Illumina Genome Analyzer II	PAIRED	RANDOM	WGS	5725
SRR062428	SRS011452	SRP002163	PRJNA48479	SAMN10658394	WUGSC	2010-08-24	ILLUMINA	Illumina Genome Analyzer II	PAIRED	RANDOM	WGS	2919
SRR062433	SRS014271	SRP002163	PRJNA48479	SAMN00035489	WUGSC	2010-08-25	ILLUMINA	Illumina Genome Analyzer II	PAIRED	RANDOM	WGS	5410
SRR062446	SRS050752	SRP002163	PRJNA48479	SAMN00070761	WUGSC	2010-08-25	ILLUMINA	Illumina Genome Analyzer II	PAIRED	RANDOM	WGS	5994
SRR062447	SRS050752	SRP002163	PRJNA48479	SAMN00070761	WUGSC	2010-08-25	ILLUMINA	Illumina Genome Analyzer II	PAIRED	RANDOM	WGS	6024
SRR062456	SRS047219	SRP002163	PRJNA48479	SAMN00067228	WUGSC	2010-08-25	ILLUMINA	Illumina Genome Analyzer II	PAIRED	RANDOM	WGS	5562
SRR062457	SRS019582	SRP002163	PRJNA48479	SAMN00040800	WUGSC	2010-08-25	ILLUMINA	Illumina Genome Analyzer II	PAIRED	RANDOM	WGS	4781
SRR062460	SRS019910	SRP002163	PRJNA48479	SAMN00041128	WUGSC	2010-08-25	ILLUMINA	Illumina Genome Analyzer II	PAIRED	RANDOM	WGS	4611
SRR062466	SRS063985	SRP002163	PRJNA48479	SAMN00083009	WUGSC	2010-08-25	ILLUMINA	Illumina Genome Analyzer II	PAIRED	RANDOM	WGS	5664
SRR062467	SRS063985	SRP002163	PRJNA48479	SAMN00083009	WUGSC	2010-08-25	ILLUMINA	Illumina Genome Analyzer II	PAIRED	RANDOM	WGS	5669
SRR062474	SRS065278	SRP002163	PRJNA48479	SAMN00084302	WUGSC	2010-08-25	ILLUMINA	Illumina Genome Analyzer II	PAIRED	RANDOM	WGS	4896
SRR062475	SRS065278	SRP002163	PRJNA48479	SAMN00084302	WUGSC	2010-08-25	ILLUMINA	Illumina Genome Analyzer II	PAIRED	RANDOM	WGS	4939
SRR062477	SRS019129	SRP002163	PRJNA48479	SAMN00040347	WUGSC	2010-08-25	ILLUMINA	Illumina Genome Analyzer II	PAIRED	RANDOM	WGS	5138
SRR062478	SRS019129	SRP002163	PRJNA48479	SAMN00040347	WUGSC	2010-08-25	ILLUMINA	Illumina Genome Analyzer II	PAIRED	RANDOM	WGS	5180
SRR062499	SRS018969	SRP002163	PRJNA48479	SAMN00040187	WUGSC	2010-08-25	ILLUMINA	Illumina Genome Analyzer II	PAIRED	RANDOM	WGS	6493
SRR062501	SRS014691	SRP002163	PRJNA48479	SAMN00035909	WUGSC	2010-08-25	ILLUMINA	Illumina Genome Analyzer II	PAIRED	RANDOM	WGS	6418
SRR062502	SRS013879	SRP002163	PRJNA48479	SAMN00035097	WUGSC	2010-08-25	ILLUMINA	Illumina Genome Analyzer II	PAIRED	RANDOM	WGS	5906
SRR062503	SRS018969	SRP002163	PRJNA48479	SAMN00040187	WUGSC	2010-09-16	ILLUMINA	Illumina Genome Analyzer II	PAIRED	RANDOM	WGS	6591
SRR062507	SRS013879	SRP002163	PRJNA48479	SAMN00035097	WUGSC	2010-08-25	ILLUMINA	Illumina Genome Analyzer II	PAIRED	RANDOM	WGS	5802
SRR062511	SRS014691	SRP002163	PRJNA48479	SAMN00035909	WUGSC	2010-08-25	ILLUMINA	Illumina Genome Analyzer II	PAIRED	RANDOM	WGS	6456
SRR062520	SRS015797	SRP002163	PRJNA48479	SAMN00037015	WUGSC	2010-08-29	ILLUMINA	Illumina Genome Analyzer II	PAIRED	RANDOM	WGS	5889
SRR062524	SRS015960	SRP002163	PRJNA48479	SAMN00037178	WUGSC	2010-08-29	ILLUMINA	Illumina Genome Analyzer II	PAIRED	RANDOM	WGS	4621
SRR062527	SRS019071	SRP002163	PRJNA48479	SAMN00040289	WUGSC	2010-08-25	ILLUMINA	Illumina Genome Analyzer II	PAIRED	RANDOM	WGS	6294
SRR062530	SRS056259	SRP002163	PRJNA48479	SAMN00076268	WUGSC	2010-08-25	ILLUMINA	Illumina Genome Analyzer II	PAIRED	RANDOM	WGS	6404
SRR062538	SRS016203	SRP002163	PRJNA48479	SAMN00037421	WUGSC	2010-08-25	ILLUMINA	Illumina Genome Analyzer II	PAIRED	RANDOM	WGS	1572
SRR062539	SRS016203	SRP002163	PRJNA48479	SAMN00037421	WUGSC	2010-08-25	ILLUMINA	Illumina Genome Analyzer II	PAIRED	RANDOM	WGS	1558
SRR062540	SRS018591	SRP002163	PRJNA48479	SAMN00039809	WUGSC	2010-08-25	ILLUMINA	Illumina Genome Analyzer II	PAIRED	RANDOM	WGS	5445
SRR062541	SRS018591	SRP002163	PRJNA48479	SAMN00039809	WUGSC	2010-08-25	ILLUMINA	Illumina Genome Analyzer II	PAIRED	RANDOM	WGS	5567
SRR063460	SRS015038	SRP002163	PRJNA48479	SAMN00036256	WUGSC	2010-08-25	ILLUMINA	Illumina Genome Analyzer II	PAIRED	RANDOM	WGS	904
SRR063461	SRS015038	SRP002163	PRJNA48479	SAMN00036256	WUGSC	2010-08-25	ILLUMINA	Illumina Genome Analyzer II	PAIRED	RANDOM	WGS	4658
SRR063468	SRS014313	SRP002163	PRJNA48479	SAMN00035531	WUGSC	2010-08-25	ILLUMINA	Illumina Genome Analyzer II	PAIRED	RANDOM	WGS	5889
SRR063469	SRS014313	SRP002163	PRJNA48479	SAMN00035531	WUGSC	2010-08-25	ILLUMINA	Illumina Genome Analyzer II	PAIRED	RANDOM	WGS	5723
SRR063470	SRS058723	SRP002163	PRJNA48479	SAMN00078732	WUGSC	2010-08-25	ILLUMINA	Illumina Genome Analyzer II	PAIRED	RANDOM	WGS	5868
SRR063471	SRS058723	SRP002163	PRJNA48479	SAMN00078732	WUGSC	2010-08-25	ILLUMINA	Illumina Genome Analyzer II	PAIRED	RANDOM	WGS	5837
SRR063480	SRS015264	SRP002163	PRJNA48479	SAMN00036482	WUGSC	2010-08-25	ILLUMINA	Illumina Genome Analyzer II	PAIRED	RANDOM	WGS	3547
SRR063481	SRS015264	SRP002163	PRJNA48479	SAMN00036482	WUGSC	2010-08-25	ILLUMINA	Illumina Genome Analyzer II	PAIRED	RANDOM	WGS	3601
SRR063483	SRS047014	SRP002163	PRJNA48479	SAMN00067023	WUGSC	2010-08-25	ILLUMINA	Illumina Genome Analyzer II	PAIRED	RANDOM	WGS	5656
SRR063484	SRS047014	SRP002163	PRJNA48479	SAMN00067023	WUGSC	2010-08-25	ILLUMINA	Illumina Genome Analyzer II	PAIRED	RANDOM	WGS	5717
SRR063496	SRS014888	SRP002163	PRJNA48479	SAMN00036106	WUGSC	2010-08-27	ILLUMINA	Illumina Genome Analyzer II	PAIRED	RANDOM	WGS	5723
SRR063497	SRS014888	SRP002163	PRJNA48479	SAMN00036106	WUGSC	2010-08-25	ILLUMINA	Illumina Genome Analyzer II	PAIRED	RANDOM	WGS	5710
SRR063502	SRS019601	SRP002163	PRJNA48479	SAMN00040819	WUGSC	2010-08-25	ILLUMINA	Illumina Genome Analyzer II	PAIRED	RANDOM	WGS	6795
SRR063503	SRS056519	SRP002163	PRJNA48479	SAMN00076528	WUGSC	2010-08-27	ILLUMINA	Illumina Genome Analyzer II	PAIRED	RANDOM	WGS	6483
SRR063504	SRS056519	SRP002163	PRJNA48479	SAMN00076528	WUGSC	2010-08-27	ILLUMINA	Illumina Genome Analyzer II	PAIRED	RANDOM	WGS	6482
SRR063505	SRS019601	SRP002163	PRJNA48479	SAMN00040819	WUGSC	2010-08-25	ILLUMINA	Illumina Genome Analyzer II	PAIRED	RANDOM	WGS	6761
SRR063508	SRS052227	SRP002163	PRJNA48479	SAMN00072236	WUGSC	2010-08-27	ILLUMINA	Illumina Genome Analyzer II	PAIRED	RANDOM	WGS	4631
SRR063509	SRS052227	SRP002163	PRJNA48479	SAMN00072236	WUGSC	2010-08-27	ILLUMINA	Illumina Genome Analyzer II	PAIRED	RANDOM	WGS	4711
SRR063513	SRS042284	SRP002163	PRJNA48479	SAMN00062293	WUGSC	2010-08-26	ILLUMINA	Illumina Genome Analyzer II	PAIRED	RANDOM	WGS	6663
SRR063523	SRS042284	SRP002163	PRJNA48479	SAMN00062293	WUGSC	2010-08-26	ILLUMINA	Illumina Genome Analyzer II	PAIRED	RANDOM	WGS	6711
SRR063534	SRS056323	SRP002163	PRJNA48479	SAMN00076332	WUGSC	2010-08-26	ILLUMINA	Illumina Genome Analyzer II	PAIRED	RANDOM	WGS	5335
SRR063535	SRS056323	SRP002163	PRJNA48479	SAMN00076332	WUGSC	2010-08-26	ILLUMINA	Illumina Genome Analyzer II	PAIRED	RANDOM	WGS	5291
SRR063538	SRS051882	SRP002163	PRJNA48479	SAMN00071891	WUGSC	2010-08-09	LS454	454 GS FLX Titanium	SINGLE	RANDOM	WGS	471
SRR063539	SRS051882	SRP002163	PRJNA48479	SAMN00071891	WUGSC	2010-08-09	LS454	454 GS FLX Titanium	SINGLE	RANDOM	WGS	450
SRR063540	SRS015794	SRP002163	PRJNA48479	SAMN00037012	WUGSC	2010-08-09	LS454	454 GS FLX Titanium	SINGLE	RANDOM	WGS	392
SRR063542	SRS015794	SRP002163	PRJNA48479	SAMN00037012	WUGSC	2010-08-09	LS454	454 GS FLX Titanium	SINGLE	RANDOM	WGS	491
SRR063543	SRS058723	SRP002163	PRJNA48479	SAMN00078732	WUGSC	2010-08-09	LS454	454 GS FLX Titanium	SINGLE	RANDOM	WGS	488
SRR063544	SRS058723	SRP002163	PRJNA48479	SAMN00078732	WUGSC	2010-08-09	LS454	454 GS FLX Titanium	SINGLE	RANDOM	WGS	420
SRR063545	SRS058723	SRP002163	PRJNA48479	SAMN00078732	WUGSC	2010-08-09	LS454	454 GS FLX Titanium	SINGLE	RANDOM	WGS	427
SRR063547	SRS058723	SRP002163	PRJNA48479	SAMN00078732	WUGSC	2010-08-09	LS454	454 GS FLX Titanium	SINGLE	RANDOM	WGS	451
SRR063548	SRS051882	SRP002163	PRJNA48479	SAMN00071891	WUGSC	2010-08-09	LS454	454 GS FLX Titanium	SINGLE	RANDOM	WGS	432
SRR063549	SRS051882	SRP002163	PRJNA48479	SAMN00071891	WUGSC	2010-08-09	LS454	454 GS FLX Titanium	SINGLE	RANDOM	WGS	473
SRR063551	SRS015794	SRP002163	PRJNA48479	SAMN00037012	WUGSC	2010-08-09	LS454	454 GS FLX Titanium	SINGLE	RANDOM	WGS	482
SRR063553	SRS015794	SRP002163	PRJNA48479	SAMN00037012	WUGSC	2010-08-09	LS454	454 GS FLX Titanium	SINGLE	RANDOM	WGS	440
SRR063554	SRS015794	SRP002163	PRJNA48479	SAMN00037012	WUGSC	2010-08-09	LS454	454 GS FLX Titanium	SINGLE	RANDOM	WGS	482
SRR063555	SRS015794	SRP002163	PRJNA48479	SAMN00037012	WUGSC	2010-08-09	LS454	454 GS FLX Titanium	SINGLE	RANDOM	WGS	448
SRR063556	SRS015369	SRP002163	PRJNA48479	SAMN00036587	WUGSC	2010-08-09	LS454	454 GS FLX Titanium	SINGLE	RANDOM	WGS	448
SRR063557	SRS015369	SRP002163	PRJNA48479	SAMN00036587	WUGSC	2010-08-09	LS454	454 GS FLX Titanium	SINGLE	RANDOM	WGS	396
SRR063558	SRS015369	SRP002163	PRJNA48479	SAMN00036587	WUGSC	2010-08-09	LS454	454 GS FLX Titanium	SINGLE	RANDOM	WGS	420
SRR063559	SRS019030	SRP002163	PRJNA48479	SAMN10657934	WUGSC	2010-08-09	LS454	454 GS FLX Titanium	SINGLE	RANDOM	WGS	457
SRR063560	SRS015369	SRP002163	PRJNA48479	SAMN00036587	WUGSC	2010-08-09	LS454	454 GS FLX Titanium	SINGLE	RANDOM	WGS	325
SRR063561	SRS015369	SRP002163	PRJNA48479	SAMN00036587	WUGSC	2010-08-09	LS454	454 GS FLX Titanium	SINGLE	RANDOM	WGS	418
SRR063562	SRS015369	SRP002163	PRJNA48479	SAMN00036587	WUGSC	2010-08-09	LS454	454 GS FLX Titanium	SINGLE	RANDOM	WGS	515
SRR063563	SRS015369	SRP002163	PRJNA48479	SAMN00036587	WUGSC	2010-08-09	LS454	454 GS FLX Titanium	SINGLE	RANDOM	WGS	472
SRR063564	SRS015369	SRP002163	PRJNA48479	SAMN00036587	WUGSC	2010-08-09	LS454	454 GS FLX Titanium	SINGLE	RANDOM	WGS	474
SRR063565	SRS019030	SRP002163	PRJNA48479	SAMN10657934	WUGSC	2010-08-09	LS454	454 GS FLX Titanium	SINGLE	RANDOM	WGS	481
SRR063566	SRS019030	SRP002163	PRJNA48479	SAMN10657934	WUGSC	2010-08-09	LS454	454 GS FLX Titanium	SINGLE	RANDOM	WGS	400
SRR063567	SRS019030	SRP002163	PRJNA48479	SAMN10657934	WUGSC	2010-08-09	LS454	454 GS FLX Titanium	SINGLE	RANDOM	WGS	423
SRR063568	SRS019030	SRP002163	PRJNA48479	SAMN10657934	WUGSC	2010-08-09	LS454	454 GS FLX Titanium	SINGLE	RANDOM	WGS	469
SRR063569	SRS019030	SRP002163	PRJNA48479	SAMN10657934	WUGSC	2010-08-09	LS454	454 GS FLX Titanium	SINGLE	RANDOM	WGS	458
SRR063570	SRS015369	SRP002163	PRJNA48479	SAMN00036587	WUGSC	2010-08-09	LS454	454 GS FLX Titanium	SINGLE	RANDOM	WGS	389
SRR063571	SRS015369	SRP002163	PRJNA48479	SAMN00036587	WUGSC	2010-08-09	LS454	454 GS FLX Titanium	SINGLE	RANDOM	WGS	326
SRR063572	SRS019030	SRP002163	PRJNA48479	SAMN10657934	WUGSC	2010-08-09	LS454	454 GS FLX Titanium	SINGLE	RANDOM	WGS	437
SRR063573	SRS019030	SRP002163	PRJNA48479	SAMN10657934	WUGSC	2010-08-09	LS454	454 GS FLX Titanium	SINGLE	RANDOM	WGS	394
SRR063574	SRS019030	SRP002163	PRJNA48479	SAMN10657934	WUGSC	2010-08-09	LS454	454 GS FLX Titanium	SINGLE	RANDOM	WGS	427
SRR063575	SRS019030	SRP002163	PRJNA48479	SAMN10657934	WUGSC	2010-08-09	LS454	454 GS FLX Titanium	SINGLE	RANDOM	WGS	419
SRR063576	SRS015369	SRP002163	PRJNA48479	SAMN00036587	WUGSC	2010-08-09	LS454	454 GS FLX Titanium	SINGLE	RANDOM	WGS	357
SRR063577	SRS019030	SRP002163	PRJNA48479	SAMN10657934	WUGSC	2010-08-09	LS454	454 GS FLX Titanium	SINGLE	RANDOM	WGS	395
SRR063578	SRS019030	SRP002163	PRJNA48479	SAMN10657934	WUGSC	2010-08-09	LS454	454 GS FLX Titanium	SINGLE	RANDOM	WGS	505
SRR063579	SRS015369	SRP002163	PRJNA48479	SAMN00036587	WUGSC	2010-08-09	LS454	454 GS FLX Titanium	SINGLE	RANDOM	WGS	446
SRR063580	SRS019030	SRP002163	PRJNA48479	SAMN10657934	WUGSC	2010-08-09	LS454	454 GS FLX Titanium	SINGLE	RANDOM	WGS	421
SRR063581	SRS019030	SRP002163	PRJNA48479	SAMN10657934	WUGSC	2010-08-09	LS454	454 GS FLX Titanium	SINGLE	RANDOM	WGS	448
SRR063582	SRS019030	SRP002163	PRJNA48479	SAMN10657934	WUGSC	2010-08-09	LS454	454 GS FLX Titanium	SINGLE	RANDOM	WGS	445
SRR063583	SRS019030	SRP002163	PRJNA48479	SAMN10657934	WUGSC	2010-08-09	LS454	454 GS FLX Titanium	SINGLE	RANDOM	WGS	447
SRR063584	SRS019030	SRP002163	PRJNA48479	SAMN10657934	WUGSC	2010-08-09	LS454	454 GS FLX Titanium	SINGLE	RANDOM	WGS	450
SRR063585	SRS019030	SRP002163	PRJNA48479	SAMN10657934	WUGSC	2010-08-09	LS454	454 GS FLX Titanium	SINGLE	RANDOM	WGS	456
SRR063586	SRS015369	SRP002163	PRJNA48479	SAMN00036587	WUGSC	2010-08-09	LS454	454 GS FLX Titanium	SINGLE	RANDOM	WGS	396
SRR063587	SRS015369	SRP002163	PRJNA48479	SAMN00036587	WUGSC	2010-08-09	LS454	454 GS FLX Titanium	SINGLE	RANDOM	WGS	410
SRR063588	SRS015369	SRP002163	PRJNA48479	SAMN00036587	WUGSC	2010-08-09	LS454	454 GS FLX Titanium	SINGLE	RANDOM	WGS	426
SRR063589	SRS015369	SRP002163	PRJNA48479	SAMN00036587	WUGSC	2010-08-09	LS454	454 GS FLX Titanium	SINGLE	RANDOM	WGS	384
SRR063675	SRS055426	SRP002163	PRJNA48479	SAMN00075435	JCVI	2010-08-19	ILLUMINA	Illumina Genome Analyzer II	PAIRED	RANDOM	WGS	5126
SRR063692	SRS055426	SRP002163	PRJNA48479	SAMN00075435	JCVI	2010-08-19	ILLUMINA	Illumina Genome Analyzer II	PAIRED	RANDOM	WGS	4493
SRR063897	SRS064645	SRP002163	PRJNA48479	SAMN00083669	JCVI	2010-08-11	LS454	454 GS FLX Titanium	SINGLE	RANDOM	WGS	737
SRR063898	SRS064645	SRP002163	PRJNA48479	SAMN00083669	JCVI	2010-08-11	LS454	454 GS FLX Titanium	SINGLE	RANDOM	WGS	689
SRR063905	SRS045645	SRP002163	PRJNA48479	SAMN10658880	JCVI	2010-08-11	LS454	454 GS FLX Titanium	SINGLE	RANDOM	WGS	736
SRR063906	SRS045645	SRP002163	PRJNA48479	SAMN10658880	JCVI	2010-08-11	LS454	454 GS FLX Titanium	SINGLE	RANDOM	WGS	748
SRR063907	SRS063040	SRP002163	PRJNA48479	SAMN00082064	JCVI	2010-08-11	LS454	454 GS FLX Titanium	SINGLE	RANDOM	WGS	667
SRR063908	SRS063040	SRP002163	PRJNA48479	SAMN00082064	JCVI	2010-08-11	LS454	454 GS FLX Titanium	SINGLE	RANDOM	WGS	717
SRR063909	SRS063040	SRP002163	PRJNA48479	SAMN00082064	JCVI	2010-08-11	LS454	454 GS FLX Titanium	SINGLE	RANDOM	WGS	793
SRR064436	SRS044662	SRP002163	PRJNA48479	SAMN00064671	JCVI	2010-08-30	ILLUMINA	Illumina Genome Analyzer II	PAIRED	RANDOM	WGS	6109
SRR066417	SRS062761	SRP002163	PRJNA48479	SAMN00081785	JCVI	2010-09-23	ILLUMINA	Illumina Genome Analyzer II	PAIRED	RANDOM	WGS	14313
SRR066418	SRS064645	SRP002163	PRJNA48479	SAMN00083669	JCVI	2010-09-22	ILLUMINA	Illumina Genome Analyzer II	PAIRED	RANDOM	WGS	2451
SRR066419	SRS043663	SRP002163	PRJNA48479	SAMN00063672	JCVI	2010-09-24	ILLUMINA	Illumina Genome Analyzer II	PAIRED	RANDOM	WGS	14921
SRR066421	SRS049900	SRP002163	PRJNA48479	SAMN00069909	JCVI	2010-09-24	ILLUMINA	Illumina Genome Analyzer II	PAIRED	RANDOM	WGS	14740
SRR346653	SRS053603	SRP002163	PRJNA48479	SAMN00073612	WUGSC	2011-12-08	ILLUMINA	Illumina Genome Analyzer II	PAIRED	RANDOM	WGS	6286
SRR346656	SRS018656	SRP002163	PRJNA48479	SAMN00039874	WUGSC	2011-12-08	ILLUMINA	Illumina Genome Analyzer II	PAIRED	RANDOM	WGS	7223
SRR346666	SRS016018	SRP002163	PRJNA48479	SAMN00037236	WUGSC	2011-12-08	ILLUMINA	Illumina Genome Analyzer II	PAIRED	RANDOM	WGS	7692
SRR346667	SRS019389	SRP002163	PRJNA48479	SAMN00040607	WUGSC	2011-12-08	ILLUMINA	Illumina Genome Analyzer II	PAIRED	RANDOM	WGS	4017
SRR346668	SRS011452	SRP002163	PRJNA48479	SAMN10658394	WUGSC	2011-12-08	ILLUMINA	Illumina Genome Analyzer II	PAIRED	RANDOM	WGS	6807
SRR346669	SRS063193	SRP002163	PRJNA48479	SAMN00082217	WUGSC	2011-12-08	ILLUMINA	Illumina Genome Analyzer II	PAIRED	RANDOM	WGS	6493
SRR346670	SRS054590	SRP002163	PRJNA48479	SAMN00074599	WUGSC	2011-12-08	ILLUMINA	Illumina Genome Analyzer II	PAIRED	RANDOM	WGS	6491
SRR346679	SRS016203	SRP002163	PRJNA48479	SAMN00037421	WUGSC	2011-12-08	ILLUMINA	Illumina Genome Analyzer II	PAIRED	RANDOM	WGS	6918
SRR346680	SRS019022	SRP002163	PRJNA48479	SAMN00040240	WUGSC	2011-12-08	ILLUMINA	Illumina Genome Analyzer II	PAIRED	RANDOM	WGS	4846
SRR346686	SRS015369	SRP002163	PRJNA48479	SAMN00036587	WUGSC	2011-12-08	ILLUMINA	Illumina Genome Analyzer II	PAIRED	RANDOM	WGS	6104
SRR346689	SRS043411	SRP002163	PRJNA48479	SAMN00063420	WUGSC	2011-12-08	ILLUMINA	Illumina Genome Analyzer II	PAIRED	RANDOM	WGS	5293
SRR346691	SRS018656	SRP002163	PRJNA48479	SAMN00039874	WUGSC	2011-12-08	ILLUMINA	Illumina Genome Analyzer II	PAIRED	RANDOM	WGS	7229
SRR346694	SRS014107	SRP002163	PRJNA48479	SAMN00035325	WUGSC	2011-12-08	ILLUMINA	Illumina Genome Analyzer II	PAIRED	RANDOM	WGS	5395
SRR346696	SRS019582	SRP002163	PRJNA48479	SAMN00040800	WUGSC	2011-12-08	ILLUMINA	Illumina Genome Analyzer II	PAIRED	RANDOM	WGS	5551
SRR346698	SRS057355	SRP002163	PRJNA48479	SAMN00077364	WUGSC	2011-12-08	ILLUMINA	Illumina Genome Analyzer II	PAIRED	RANDOM	WGS	5830
SRR346699	SRS019389	SRP002163	PRJNA48479	SAMN00040607	WUGSC	2011-12-08	ILLUMINA	Illumina Genome Analyzer II	PAIRED	RANDOM	WGS	4027
SRR346700	SRS062540	SRP002163	PRJNA48479	SAMN00081564	WUGSC	2011-12-08	ILLUMINA	Illumina Genome Analyzer II	PAIRED	RANDOM	WGS	5280
SRR346701	SRS058336	SRP002163	PRJNA48479	SAMN00078345	WUGSC	2011-12-08	ILLUMINA	Illumina Genome Analyzer II	PAIRED	RANDOM	WGS	6566
SRR346703	SRS011452	SRP002163	PRJNA48479	SAMN10658394	WUGSC	2011-12-08	ILLUMINA	Illumina Genome Analyzer II	PAIRED	RANDOM	WGS	6800
SRR346705	SRS065278	SRP002163	PRJNA48479	SAMN00084302	WUGSC	2011-12-15	ILLUMINA	Illumina Genome Analyzer II	PAIRED	RANDOM	WGS	5493
SRR346711	SRS019910	SRP002163	PRJNA48479	SAMN00041128	WUGSC	2011-12-08	ILLUMINA	Illumina Genome Analyzer II	PAIRED	RANDOM	WGS	6275
SRR346712	SRS050422	SRP002163	PRJNA48479	SAMN00070431	WUGSC	2011-12-08	ILLUMINA	Illumina Genome Analyzer II	PAIRED	RANDOM	WGS	5136
SRR353616	SRS016086	SRP002163	PRJNA48479	SAMN00037304	WUGSC	2011-12-08	ILLUMINA	Illumina Genome Analyzer II	PAIRED	RANDOM	WGS	6238
SRR353617	SRS016203	SRP002163	PRJNA48479	SAMN00037421	WUGSC	2011-12-08	ILLUMINA	Illumina Genome Analyzer II	PAIRED	RANDOM	WGS	7007
SRR353620	SRS015893	SRP002163	PRJNA48479	SAMN00037111	WUGSC	2011-12-08	ILLUMINA	Illumina Genome Analyzer II	PAIRED	RANDOM	WGS	6197
SRR8391117	SRS014979	SRP175119	PRJNA510571	SAMN10657918	CRASSPHAGE CONSORTIUM	2019-01-03	ILLUMINA	Illumina Genome Analyzer II	PAIRED	RANDOM	WGS	0
SRR8391303	SRS019030	SRP175119	PRJNA510571	SAMN10657934	CRASSPHAGE CONSORTIUM	2019-01-03	LS454	454 GS FLX Titanium	SINGLE	RANDOM	WGS	0
SRR8391304	SRS019030	SRP175119	PRJNA510571	SAMN10657934	CRASSPHAGE CONSORTIUM	2019-01-03	LS454	454 GS FLX Titanium	SINGLE	RANDOM	WGS	0
SRR8391305	SRS019030	SRP175119	PRJNA510571	SAMN10657934	CRASSPHAGE CONSORTIUM	2019-01-07	LS454	454 GS FLX Titanium	SINGLE	RANDOM	WGS	0
SRR8391306	SRS019030	SRP175119	PRJNA510571	SAMN10657934	CRASSPHAGE CONSORTIUM	2019-01-07	LS454	454 GS FLX Titanium	SINGLE	RANDOM	WGS	0
SRR8391309	SRS019030	SRP175119	PRJNA510571	SAMN10657934	CRASSPHAGE CONSORTIUM	2019-01-07	LS454	454 GS FLX Titanium	SINGLE	RANDOM	WGS	0
SRR8391311	SRS019030	SRP175119	PRJNA510571	SAMN10657934	CRASSPHAGE CONSORTIUM	2019-01-07	LS454	454 GS FLX Titanium	SINGLE	RANDOM	WGS	0
SRR8391408	SRS052027	SRP175119	PRJNA510571	SAMN10657902	CRASSPHAGE CONSORTIUM	2019-01-03	ILLUMINA	Illumina Genome Analyzer II	PAIRED	RANDOM	WGS	0
SRR8391409	SRS012902	SRP175119	PRJNA510571	SAMN10657903	CRASSPHAGE CONSORTIUM	2019-01-07	ILLUMINA	Illumina Genome Analyzer II	PAIRED	RANDOM	WGS	0
SRR8391410	SRS024009	SRP175119	PRJNA510571	SAMN10657904	CRASSPHAGE CONSORTIUM	2019-01-03	ILLUMINA	Illumina Genome Analyzer II	PAIRED	RANDOM	WGS	0
SRR8391434	SRS018133	SRP175119	PRJNA510571	SAMN10657930	CRASSPHAGE CONSORTIUM	2019-01-07	ILLUMINA	Illumina Genome Analyzer II	PAIRED	RANDOM	WGS	0
SRR8391435	SRS019030	SRP175119	PRJNA510571	SAMN10657934	CRASSPHAGE CONSORTIUM	2019-01-03	LS454	454 GS FLX Titanium	SINGLE	RANDOM	WGS	0
SRR8391436	SRS019030	SRP175119	PRJNA510571	SAMN10657934	CRASSPHAGE CONSORTIUM	2019-01-07	LS454	454 GS FLX Titanium	SINGLE	RANDOM	WGS	0
SRR8391675	SRS015578	SRP175119	PRJNA510571	SAMN10657921	CRASSPHAGE CONSORTIUM	2019-01-07	ILLUMINA	Illumina Genome Analyzer II	PAIRED	RANDOM	WGS	0
SRR8391676	SRS048164	SRP175119	PRJNA510571	SAMN10657922	CRASSPHAGE CONSORTIUM	2019-01-07	ILLUMINA	Illumina Genome Analyzer II	PAIRED	RANDOM	WGS	0
SRR8391677	SRS065504	SRP175119	PRJNA510571	SAMN10657919	CRASSPHAGE CONSORTIUM	2019-01-03	ILLUMINA	Illumina Genome Analyzer II	PAIRED	RANDOM	WGS	0
SRR8391678	SRS016056	SRP175119	PRJNA510571	SAMN10657920	CRASSPHAGE CONSORTIUM	2019-01-07	ILLUMINA	Illumina Genome Analyzer II	PAIRED	RANDOM	WGS	0
SRR8391858	SRS022137	SRP175119	PRJNA510571	SAMN10657906	CRASSPHAGE CONSORTIUM	2019-01-03	ILLUMINA	Illumina Genome Analyzer II	PAIRED	RANDOM	WGS	0
SRR8391859	SRS017521	SRP175119	PRJNA510571	SAMN10657905	CRASSPHAGE CONSORTIUM	2019-01-03	ILLUMINA	Illumina Genome Analyzer II	PAIRED	RANDOM	WGS	0
SRR8391860	SRS058770	SRP175119	PRJNA510571	SAMN10657908	CRASSPHAGE CONSORTIUM	2019-01-03	ILLUMINA	Illumina Genome Analyzer II	PAIRED	RANDOM	WGS	0
SRR8391862	SRS011061	SRP175119	PRJNA510571	SAMN10657910	CRASSPHAGE CONSORTIUM	2019-01-07	ILLUMINA	Illumina Genome Analyzer II	PAIRED	RANDOM	WGS	0
SRR8391863	SRS024265	SRP175119	PRJNA510571	SAMN10657909	CRASSPHAGE CONSORTIUM	2019-01-07	ILLUMINA	Illumina Genome Analyzer II	PAIRED	RANDOM	WGS	0
SRR8391865	SRS014683	SRP175119	PRJNA510571	SAMN10657911	CRASSPHAGE CONSORTIUM	2019-01-07	ILLUMINA	Illumina Genome Analyzer II	PAIRED	RANDOM	WGS	0
SRR8391954	SRS011452	SRP175119	PRJNA510571	SAMN10658394	CRASSPHAGE CONSORTIUM	2019-01-03	ILLUMINA	Illumina Genome Analyzer II	PAIRED	RANDOM	WGS	0
SRR8391956	SRS011452	SRP175119	PRJNA510571	SAMN10658394	CRASSPHAGE CONSORTIUM	2019-01-03	ILLUMINA	Illumina Genome Analyzer II	PAIRED	RANDOM	WGS	0
SRR8392001	SRS019685	SRP175119	PRJNA510571	SAMN10657923	CRASSPHAGE CONSORTIUM	2019-01-07	ILLUMINA	Illumina Genome Analyzer II	PAIRED	RANDOM	WGS	0
SRR8392015	SRS053398	SRP175119	PRJNA510571	SAMN10657926	CRASSPHAGE CONSORTIUM	2019-01-07	ILLUMINA	Illumina Genome Analyzer II	PAIRED	RANDOM	WGS	0
SRR8392016	SRS045713	SRP175119	PRJNA510571	SAMN10657925	CRASSPHAGE CONSORTIUM	2019-01-07	ILLUMINA	Illumina Genome Analyzer II	PAIRED	RANDOM	WGS	0
SRR8392018	SRS055982	SRP175119	PRJNA510571	SAMN10657927	CRASSPHAGE CONSORTIUM	2019-01-03	LS454	454 GS FLX Titanium	SINGLE	RANDOM	WGS	0
SRR8392019	SRS018133	SRP175119	PRJNA510571	SAMN10657930	CRASSPHAGE CONSORTIUM	2019-01-07	ILLUMINA	Illumina Genome Analyzer II	PAIRED	RANDOM	WGS	0
SRR8392021	SRS019030	SRP175119	PRJNA510571	SAMN10657934	CRASSPHAGE CONSORTIUM	2019-01-07	ILLUMINA	Illumina Genome Analyzer II	PAIRED	RANDOM	WGS	0
SRR8392061	SRS014235	SRP175119	PRJNA510571	SAMN10657924	CRASSPHAGE CONSORTIUM	2019-01-07	ILLUMINA	Illumina Genome Analyzer II	PAIRED	RANDOM	WGS	0
SRR8392122	SRS045645	SRP175119	PRJNA510571	SAMN10658880	CRASSPHAGE CONSORTIUM	2019-01-07	LS454	454 GS FLX Titanium	SINGLE	RANDOM	WGS	0
SRR8392123	SRS019030	SRP175119	PRJNA510571	SAMN10657934	CRASSPHAGE CONSORTIUM	2019-01-07	LS454	454 GS FLX Titanium	SINGLE	RANDOM	WGS	0
SRR8392149	SRS045645	SRP175119	PRJNA510571	SAMN10658880	CRASSPHAGE CONSORTIUM	2019-01-07	LS454	454 GS FLX Titanium	SINGLE	RANDOM	WGS	0
SRR8392309	SRS011529	SRP175119	PRJNA510571	SAMN10658877	CRASSPHAGE CONSORTIUM	2019-01-07	ILLUMINA	Illumina Genome Analyzer II	PAIRED	RANDOM	WGS	0
SRR8392310	SRS011529	SRP175119	PRJNA510571	SAMN10658877	CRASSPHAGE CONSORTIUM	2019-01-07	ILLUMINA	Illumina Genome Analyzer II	PAIRED	RANDOM	WGS	0
